category,content,link,summary,title
정치,"정세균 국무총리는 12일 고(故) 백선엽 장군 안장 문제와 관련해 “정부는 육군장(葬)으로 (고인을) 대전현충원에 잘 모실 계획을 갖고 있다”고 밝혔다.야당 등 일각에서 나오는 서울현충원 안장과 국가장(葬) 격상 요구에 대해 정부의 기존 방침을 재확인한 것이다. 정 총리는 이날 오후 4시 45분쯤 서울 송파구 서울아산병원 장례식장에 마련된 백 장군의 빈소를 찾아 약 15분간 조문한 뒤 기자들과 만나 “고인은 6·25전쟁에서 큰 공훈을 세웠다”며 이 같이 말했다.정 총리는 이어 고인을 예우 차원에서 서울현충원에 안장해야한다는 의견에 대한 입장을 묻자 말 없이 빈소를 빠져나갔다. 백 장군은 서울현충원 장군 묘역이 지난 1996년 만장됨에 따라 장례 후 대전현충원 장군 묘역에 안장될 예정이다.김유진 기자
 [Copyrightⓒmunhwa.com '대한민국 오후를 여는 유일석간 문화일보' 무단 전재 및 재배포 금지()]",https://news.nate.com/view/20200712n15406?mid=n0200,[  |  |  ],"정총리 ""육군장으로 대전현충원에 잘 모실 것"""
정치,"(서울=연합뉴스) ▲ 김정은 국무위원장은 11일 몽골 인민혁명승리(독립기념일) 99주년을 맞아 할트마 바트톨가 몽골 대통령에게 축전을 보냈다고 조선중앙통신이 보도했다. ▲ 김 위원장은 11일 루이스 아비나데르 도미니카 공화국 대통령에게 대선 승리를 축하하는 내용의 축전을 보냈다고 중앙통신이 보도했다. ▲ 김재룡 내각총리가 천리마제강연합기업소와 의학연구원 의학생물학연구소, 국가과학원 생물공학분원을 시찰했다고 중앙통신이 11일 전했다. ▲ 중앙통신은 11일 함경북도 어랑천 4호 발전소가 완공됐다고 전했다.(끝)",https://news.nate.com/view/20200711n13894?mid=n0200,,"[북한단신] 김정은, 몽골 대통령에 독립기념일 축전"
정치,"서병수 ""고인 욕보이는 행태…서울시장 치를 예비비 있다면 코로나 극복하는 데 쓰는 게""











		- ⓒ 헤럴드경제 & heraldbiz.com, 무단 전재 및 재배포 금지 -",https://news.nate.com/view/20200711n10896?mid=n0200,[베스트 클릭! 헤럴드 경제 얼리어답터 뉴스],"하태경 ""서울특별시장(裝) 자체가 2차 가해""…통합당 일부 반발"
정치,"(서울=연합뉴스) 김경윤 기자 = 북한은 11일 가끔 구름이 많은 가운데 곳에 따라 비가 내리겠다고 기상청이 예보했다. 평안북도와 함경도 북부에서는 낮부터 밤사이 비가 내리며, 예상 강수량은 5∼20㎜다. 조선중앙방송도 강원도 해안지역을 중심으로 오전과 오후 한때 비가 내리겠다고 보도했다. 동해 먼바다에서는 북동풍 또는 북서풍이 초당 10∼15ｍ로 강하게 불고 2∼3ｍ 높이의 파도가 일겠다고 전했다. 평양시의 이날 최저기온은 20도였으며 낮 최고기온은 30도로 예상된다. 아래는 기상청이 전한 지역별 날씨 전망. (날씨·강수확률은 오후 기준) ▲ 평양 : 구름많음, 30, 20 ▲ 중강 : 흐리고 비, 28, 60 ▲ 해주 : 구름많음, 29, 20 ▲ 개성 : 구름많음, 30, 20 ▲ 함흥 : 흐림, 26, 20 ▲ 청진 : 흐림, 22, 30 heeva@yna.co.kr(끝)",https://news.nate.com/view/20200711n02348?mid=n0200,,[북한날씨] 가끔 구름많고 곳에 따라 비
정치,"[서울경제]  ‘6·25전쟁영웅’ 백선엽 장군 별세···향년 100세[서울경제 관련뉴스]""XX 자식"" 이해찬, 박원순 성추행 의혹 묻자 ""예의 없다"" 분노이렇게 요염한 자태라니···한예슬의 MBTI는?박원순 사망에 정치권 애도 물결···손혜원 ""제 마음 속 영원한 시장님""쇄골미인 클라라, 노출+각도에 '섹시美 대폭발' 명품 몸매는 덤서울대병원 도착한 박원순···""일어나라, 미안하다"" 오열",https://news.nate.com/view/20200711n03221?mid=n0200,,[속보]6·25전쟁영웅 백선엽 장군 별세···향년 100세
정치,"박원순 서울시장의 장례가 서울특별시장(葬)으로 치러지는 것을 놓고 미래통합당에서 비판의 목소리가 연이어 나오고 있다.박수영 의원은 11일 페이스북에 “조용히 가족장으로 치를 일이지 세금으로 5일장 치를 일은 아니다. 어쨌든 고위공직자로서 하지 말아야 될 짓을 한 것 아닌가”라고 적었다. 그는 박 시장의 성추행 의혹을 언급, “망인에 대한 예의와는 별개로 권력형 성폭력에 대한 진실은 밝혀져야 한다”며 “고소인에 대한 2차 피해는 없어야 한다. 일부 누리꾼들이 피해자의 신상을 털어 올리는 데 분노한다”며 즉각 중단을 요구했다.하태경 의원은 전날 밤 페이스북에서 “서울특별시 주관의 장례는 그 자체로 피해자에 대한 2차 가해”라며 “그동안 고인을 비롯한 정부 여당이 줄곧 주장했던 피해자 중심주의에도 한참 어긋나는 일”이라고 지적했다. 그러면서 서울시가 서울특별시장의 법적 근거로 든 ‘정부의전편람’에는 행정자치부 장관 등 관계기관과의 협의, 서울시의 요청, 대통령의 허가가 필요하다며 “절차를 제대로 지켰는지 의문”이라고 했다.하 의원은 “슬픔과 진실은 명확히 구분해야 한다”고 강조했다.한편 청와대 국민청원 사이트에 올라온 ‘박원순씨 장례를 5일장, 서울특별시장으로 하는 것 반대합니다’라는 제목의 청원은 이날 오전 11시 15분 현재 37만2000여 명의 동의를 받았다.김현아 기자
 [Copyrightⓒmunhwa.com '대한민국 오후를 여는 유일석간 문화일보' 무단 전재 및 재배포 금지()]",https://news.nate.com/view/20200711n08650?mid=n0200,[  |  |  ],"""서울특별시장 자체가 2차 가해""…통합 일각 비판"
정치,"대한항공이 국제선 객실승무원 부산 거점(베이스) 근무제를 폐지한다. 신종 코로나바이러스 감염증(코로나19) 확산으로 부산발 국제선이 사라지면서 객실승무원 부산 근무가 유명무실해졌기 때문이다.12일 대한항공에 따르면 부산에서 거점 근무를 해온 객실승무원 100명은 유급휴직이 종료된 이후 11월부터 인천국제공항에서 근무하게 된다. 대한항공은 그동안 채용한 객실승무원 중 부산ㆍ경남 연고자 또는 근무 희망자를 대상으로 김해국제공항에서 근무하는 거점 근무제를 실시해왔다. 김해국제공항은 다른 지방 공항보다 국제선 비중이 높은 편이다.앞으로 부산 근무 100여명은 유급휴직 종료 시점에 맞춰 전환 배치된다. 대한항공은 지난 4월 16일부터 오는 10월 15일까지 최대 6개월간 전 직원의 70% 이상을 대상으로 휴직을 시행하고 있다. 휴직에 들어간 직원은 통상임금에 해당하는 휴업 수당을 받고 있다.대한항공은 “코로나19 장기화로 부산발 국제선 운영 재개 시기가 불투명해짐에 따른 불가피한 조치”라며 “근무지 전환에 따라 직원이 어려움을 겪지 않도록 사택 지원, 전세자금 대출 등 가능한 범위내에서 최대한 지원 예정”이라고 밝혔다.전영선 기자 azul@joongang.co.kr▶ ▶ ▶ ▶ ▶ ▶  / ▶ⓒ중앙일보(https://joongang.co.kr), 무단 전재 및 재배포 금지전영선 azul@joongang.co.kr",https://news.nate.com/view/20200712n15727?mid=n0300,,"대한항공, 부산 거점 근무 폐지, 승무원 100명 전환 배치"
정치,"북한이 북중우호조약 체결 59주년을 맞아 중국의 주권과 영토 수호를 위한 모든 조치를 지지한다며 양국의 친선을 과시했다.노동당 기관지 노동신문은 11일 박경일 조중친선협회위원장 명의로 게재한 ‘조중친선 관계는 끊임없이 강화 발전될 것이다’ 논설에서 “중국 당과 정부가 나라의 주권과 안전, 영토 완정(完整·완전히 갖춤)을 수호하기 위해 취하는 모든 조치들을 전적으로 지지한다”고 밝혔다. 이는 미중간 갈등 요소로 떠오른 ‘홍콩 국가보안법’(홍콩보안법) 문제를 염두에 둔 것으로 보인다.그는 이어 “조중(북중) 친선은 공동 위업을 위한 성스러운 투쟁 속에서 맺어진 전통적인 친선관계”라며 “앞으로도 사회주의 위업을 수호하기 위한 투쟁에서 중국 인민과 언제나 함께 있을 것”이라고 강조했다. 김일성·김정일 정권 당시 북중 우호관계는 물론 최근 김정은 국무위원장의 방중과 지난해 6월 시진핑(習近平) 중국 국가 주석의 방북 사례를 들며 대를 이어온 양국 수장 간 친선도 상기했다.신종 코로나바이러스 감염증(코로나19) 사태와 관련해서는 “형제적 중국 인민이 시진핑 동지를 핵심으로 하는 중국 공산당의 영도 밑에 세계적인 대유행 전염병과의 투쟁에서 최후 승리를 이룩하기를 축원한다”고 덧붙였다. 북중우호조약은 한 국가가 군사적 공격을 받으면 다른 한 국가도 전쟁에 자동 개입한다는 내용으로, 1961년 7월 11일 김일성 주석(당시 내각 수상)과 저우언라이(周恩來) 중국 총리가 베이징에서 체결했다.북한은 최근 홍콩보안법 사태 등에 있어 중국의 입장을 두둔하는 모습을 자주 보여왔다. 지난 3일 지재룡 주중 북한대사는 환추스바오(環球時報)와의 인터뷰에서 “미국이 홍콩 문제와 양안 관계 등 중국 내정에 간섭(한다)”며 미국을 비판하고 중국에 대한 지지를 드러냈다. 5일에는 유엔 주재 북한대사가 중국대사에게 편지를 보내 홍콩보안법 제정에 대한 전적인 지지를 표명했다.새로운 미중갈등 요소로 떠오른 신장(新疆) 지역 인권 문제를 두고도 중국의 편에 섰음을 분명히 했다. 전날 노동신문은 “중국은 신장 관련 정책을 헐뜯으면서 불순한 목적을 추구하는 외세의 내정간섭 책동을 단호히 배격하고 있다”며 “중국당과 정부의 관심과 조치에 의해 신장 위구르 자치구의 사회경제는 앞으로 더욱 활기를 띠고 발전할 것”이라고 보도했다.정철순 기자
 [Copyrightⓒmunhwa.com '대한민국 오후를 여는 유일석간 문화일보' 무단 전재 및 재배포 금지()]",https://news.nate.com/view/20200711n08651?mid=n0200,[  |  |  ],"북중우호조약 59주년…북한 ""중국 모든 조치 전적 지지"""
정치,"▲ 김동진씨 별세, 김윤덕(더불어민주당 국회의원)씨 부친상 = 11일 오후 1시, 전북 전주 효자장례타운 201호, 발인 13일 오전 8시 30분. ☎ 063-228-4441 (전주=연합뉴스)(끝)",https://news.nate.com/view/20200711n10392?mid=n0200,,[부고] 김윤덕(더불어민주당 국회의원)씨 부친상
정치,"[쿠키뉴스] 지영의 기자 =[속보] 박원순 시장 아들 박주신씨 귀국, 빈소 도착ysyu1015@kukinews.com",https://news.nate.com/view/20200711n14009?mid=n0200,,"[속보] 박원순 시장 아들 박주신씨 귀국, 빈소 도착"
정치,[서울=뉴시스]  ◇청와대【대통령】통상일정◇총리실【총리】15:00 코로나19 대응 중대본 회의(정부서울청사 영상회의실)◇국방부【장관】통상일정◇외교부【장관】통상일정 ◇통일부【차관】통상일정◇더불어민주당【대표】통상일정【원내대표】통상일정 ◇미래통합당【비상대책위원장】통상일정【원내대표】통상일정◇정의당【대표】통상일정【원내대표】통상일정◇국민의당【대표】통상일정【원내대표】통상일정◇열린민주당【대표】통상일정【원내대표】통상일정,https://news.nate.com/view/20200712n01017?mid=n0200,,[오늘의 주요일정]정치(7월12일 일요일)
정치,"(서울=연합뉴스) 배영경 기자 = 북한은 12일 대부분의 지역이 구름이 많고 흐리며 일부 지역에서는 오후부터 비가 내릴 것으로 기상청이 예보했다.  조선중앙방송은 평양이 이날 오후부터 흐려지고 낮 최고기온은 29도까지 오를 것으로 내다봤다.  또 원산과 강계는 오후 한때 비가 내리고, 개성과 사리원은 밤에 비가 내릴 것으로 예상된다. 아래는 기상청이 전한 지역별 날씨 전망. (날씨·강수확률은 오후 기준)  ▲평양 : 흐림, 29, 30 ▲중강 : 구름 많음, 32, 10 ▲해주 : 구름 많음, 25, 20 ▲개성 : 흐림, 28, 30 ▲함흥 : 구름 많고 가끔 비, 25, 60 ▲청진 : 맑음, 23, 10 ykbae@yna.co.kr(끝)",https://news.nate.com/view/20200712n01703?mid=n0200,,[북한날씨] 대체로 흐림…평양 낮 최고기온 29도
정치,"민홍철 국방위원장 ""여러 논란 있으나 군 원로 애도해야""








		- ⓒ 헤럴드경제 & heraldbiz.com, 무단 전재 및 재배포 금지 -",https://news.nate.com/view/20200712n08633?mid=n0200,[베스트 클릭! 헤럴드 경제 얼리어답터 뉴스],"이해찬, 12일 백선엽 장군 조문"
정치,"◆ 김동진씨 별세: 김윤덕(19, 21대 국회의원·더불어민주당)씨 부친=11일 오후 1시 전주 효자장례타운. 발인 13일 오전 8시30분. (063)228-4441.◆ 김우식(전 쌍용엔지니어링 대표이사)씨 별세: 유진 유석(크럭스크리에이티브 대표이사) 유미씨 부친=12일 오전 6시11분 서울아산병원. 발인 14일 오전 7시. (02)3010-2000.◆ 최진순씨 별세: 박준훈(한국교통대 총장) 영숙씨 모친, 김주리씨 시모, 하두병씨 장모=12일 오전 4시 충주의료원. 발인 14일 오전 7시. (043)871-0790.◆ 김춘식씨 별세: 학재( 문화복지부 팀장) 미정씨 부친, 임선화(수원지검 안산지청 검사 법제처 파견)씨 시부, 안원회씨 장인=12일 오전 6시30분 서울성모병원. 발인 14일 오전 7시. (02)2258-5940.◆ 최금월씨 별세: 안윤정 호기( 편집국장)씨 모친, 신은기(삼경산림기술사사무소 대표)씨 장모, 한정민(부천시 민주시민강사)씨 시모=11일 오전 3시50분 가톨릭부천성모병원. 발인 13일 오전 7시. (032)340-7301.◆ 박동열씨 별세: 동일( 세종팀 부장)씨 형=11일 오후 10시6분 대전 갈마장례식장. 발인 13일 오후 1시30분. (042)533-4400.◆ 김순덕씨 별세: 김일용 복순 복분 복희씨 모친, 박종억 신태선 신봉관(한국투자증권 DT본부장)씨 장모=11일 자정 삼육서울병원. 발인 13일 오전 6시. (02)2210-3411.[ⓒ한겨레신문 : 무단전재 및 재배포 금지]",https://news.nate.com/view/20200712n15803?mid=n0400,■ ■ ■ ■ ■ ■ ■ ■ ■ ■ ,7월 13일 궂긴소식
정치,"[머니투데이 안재용 기자] 





13일(월)*정세균 국무총리, 주례회동(12시, BH)*구윤철 국무조정실장, 주례회동(12시, BH)14일(화)*정세균 국무총리, 국무회의(오전 9시, 정부세종청사)*구윤철 국무조정실장, 국무회의(오전 9시, 정부세종청사)15일(수)*정세균 국무총리, 코로나19 중대본 회의(오전 8시30분, 정부세종청사)*정세균 국무총리, 국민추천포상 수여식(오후 2시30분, 세종컨벤션센터)*정세균 국무총리, 경총50주년 기념행사(오후 5시, 신라호텔)*구윤철 국무조정실장, 코로나19 중대본 회의(오전 8시30분, 정부세종청사)16일(목)*정세균 국무총리, 국정현안점검조정회의(오전 9시, 정부서울청사)*정세균 국무총리, 목요대화(오후 4시, 서울공관 삼청당)17일(금)*정세균 국무총리, 코로나19 중대본 회의(오전 8시30분, 정부서울청사)*정세균 국무총리, 제헌절 경축식(오전10시, 국회)*정세균 국무총리, 아동정책조정위원회(오후 2시, 정부서울청사)*구윤철 국무조정실장, 코로나19 중대본 회의(오전 8시30분, 정부서울청사)





13일(월)*일정 없음14일(화)*홍남기 부총리, 국무회의(오전 9시, 서울청사)*홍남기 부총리, MBC 뉴스데스크 출연(오후 9시, MBC)*안일환 기재부 2차관, 공공기관 투자집행점검회의(오후 3시, 비공개)*안일환 2차관, 공공기관 투자집행점검회의 개최(오후)*제2차 공공기관 공정채용 컨설팅 개최(오후)15일(수)*홍남기 부총리, 중앙재난안전대책본부 회의(오전 8시30분, 서울청사)*홍남기 부총리, 한-콜럼비아 화상포럼 2020(오전 9시30분, 비공개)*홍남기 부총리, 소통라운드테이블(오후, 미정)*김용범 기재부 1차관, 거시경제 금융회의(오전 10시, 은행회관)*김용범 기재부 1차관, YTN 뉴스출연(오후, YTN)*안일환 기재부 2차관, 공공기관 선도 혁신도시 활성화 간담회(오후 4시, 비공개)*2020년 6월 고용동향(오전)*2020년 6월 고용동향 분석(오전)*공공기관 선도 혁신도시 활성화 간담회(오전)*거시경제금융회의 개최(오전)*홍남기 부총리, 한-콜롬비아 코로나 대응 화상 포럼 참석(오전)*G20 재무장·차관회의 개최(오후)*한-사우디, 코로나 위기 극복을 위한 통계협력 강화(오후)16일(목)*홍남기 부총리, 국정현안점검조정회의(오전 9시, 서울청사)*홍남기 부총리, 세법개정안 브리핑(오후 4시, 세종청사)*김용범 기재부 1차관, 차관회의(오전 10시30분, 서울청사)*안일환 기재부 2차관, 공공기관 운영위원회(오전 10시, 비공개)*2019년 국제인구이동통계(오전)*KDI 정책포럼 ‘가계부문 유동성 위험 점검과 정책적 시사점’(오전)17일(금)*홍남기 부총리, 중앙재난안전대책본부 회의(오전 8시30분, 서울청사)*홍남기 부총리, 오전 9시, 캐나다 재무장관 전화회의(오전 9시, 비공개)*홍남기 부총리, 비상경제 중앙대책본부 회의(오전 10시, 서울청사)*김용범 기재부 1차관, 비상경제 중앙대책본부 회의(오전 10시, 서울청사)*김용범 기재부 1차관, 비상경제 중앙대책본부 회의결과 정례브리핑(오후 2시, 서울청사)*2020년 8월 최근경제동향(오전)*통계청, 통계데이터센터를 중심으로 데이터 연계융합 활용기반을 강화한다(오전)*제17차 혁신성장 전략점검회의 겸 정책점검회의 개최(오전)*한 부총리-캐나다 재무장관 컨퍼런스 콜 개최(오전)18일(토)*홍남기 부총리, G20 재무장관회의(오후 7시30분, 비공개)19일(일)*G20 재무장·차관회의 개최 결과(오후)





13일(월)*성윤모 산업부 장관, 국가유공자 명패 달아드리기 행사(오후 1시30분, 조치원)*유명희 산업부 통상교섭본부장, 국외출장(12~18일, 스위스 제네바)*산업부, '20년 6월 ICT 수출입 동향(오전)14일(화)*성윤모 산업부 장관, 국무회의(오전 9시, 서울)*성윤모 산업부 장관, 바이오공정인력양성사업 MOU 체결(오후 1시10분, 웨스틴조선H)*유명희 산업부 통상교섭본부장, 국외출장(12~18일, 스위스 제네바)*산업부, 수출 초보기업의 파트너, ""전문무역상사""와 함께 수출기회를!(오전)*산업부, '20년 상반기 및 6월 국내 자동차산업 동향(오전)*산업부, 구명조끼 허위광고 실태 조사 및 안전성 조사 결과 발표(오전)*산업부, 아시아 최초의 바이오공정인력양성센터 탄생한다(오후)15일(수)*성윤모 산업부 장관, 산업지능화협회 현판식 및 간담회(오후 1시30분, 경기 성남)*유명희 산업부 통상교섭본부장, 국외출장(12~18일, 스위스 제네바)*산업부, 디지털 기반 산업 혁신성장 본격 추진(오전)*산업부, '20년 상반기 외국인직접투자 동향(오전)*산업부, 산업 디지털 전환을 위한 800억원 규모의 전문펀드 조성(오전)*산업부, 그린뉴딜에 맞춰 수소경제 국제표준화 확대(오전)*산업부, 친환경산단 조성 위한 클린팩토리 사업 추진(오전)16일(목)*유명희 산업부 통상교섭본부장, 국외출장(12~18일, 스위스 제네바)*정승일 산업부 차관, 차관회의(오전 10시30분, 서울청사)*정승일 산업부 차관, ATC+ 지정서 수여식(오후 2시, 엘타워)*정승일 산업부 차관, 목요대화(오후 4시, 총리공관)*산업부, 혁신강소기업 48개, '20년 산업부 우수기술연구소(ATC) 지정(오전)*산업부, 정부, 제품안전 사각지대 없도록 촘촘히 관리한다(오후)17일(금)*유명희 산업부 통상교섭본부장, 국외출장(12~18일, 스위스 제네바)*산업부, GVC 재편 관련, 동유럽 진출기업 간담회 개최(오전)*산업부, '글로벌 통상환경 변화에 따른 FTA 대응전략' 제6차 통상규범 워크숍 개최(오전)





13일(월)*농식품바우처 시범사업 추진(오전)*4차 산업기술을 만나 달라진 우리 농어장, ‘우리 발전했어요!’(오후)14일(화)*김현수 농림식품부 장관 국무회의(오전10시, 세종)*식사문화 개선 맞춤형 식기 상품 공모전 추진(오전)*슬기로운 농촌여행(오전)15일(수)*‘인삼?닭고기’로 삼복더위 날리고 활력 채우고(오전)*2020 구제역 방역 홍보 공모전 추진(오후)16일(목)*아프리카돼지열병 확산 예방을 위한 접경지역 양돈농가 축산차량 출입통제 성과(오전)*그린바이오 융합형 신산업 육성 방안 발표(오전)17일(금)*휴가철 유실·유기동물 방지 지자체 합동 홍보캠페인 실시(오전)





13일(월)*한반도 주변 해류모식도 영문 홍보물 배포(오전)14일(화)*문성혁 해양수산부 장관 국무회의(오전10시, 세종)*제1회 인천국제해양포럼 해양정책 아이디어 및 논문 공모전(오전)*「친환경관공선 전환을 위한 기술전략 포럼」개최(오전)*독도 바닷속 쓰레기 수거한다!(오전)*수산인의 날 및 바다식목일 유공자 정부포상 전수식 개최(오전)15일(수)*문성혁 장관, 수산인의 날 유공자 정부 포상 전수식(오후2시, 세종)*해수욕장 이용 현황 등 2차 정례브리핑(오전)16일(목)*수중건설로봇 해양공사 현장 적용...본격 상용화 추진(오전)*어선 불법증개축 지도단속 관련 안전관리 강화 추진(오전)*해양 미세조류에서 인지기능 개선 소재 개발, 기술이전(오후)17일(금)*아라온호, 북극 연구를 위해 북극으로 출항(오전)*멍게, 조기 등 5개 품목에 FTA 피해보전직불금·폐업지원금 지급(오전)*원양어선 안전펀드 1호 ‘아그네스 110호’, 진수식 개최(오전)





13일(월)*일정 없음14일(화)*조성욱 공정위원장, 국무회의(오전 10시, 서울청사)*공정위, 부당한 지원행위의 심사지침 개정안 행정예고(오전 10시)*공정위, 철강제품 운송용역 입찰 담합 제재(오전)15일(수)*조성욱 공정위원장, 전원회의(오전 10시, 심판정)*지철호 공정위 부위원장, 전원회의(오전 10시, 심판정)*공정위, 해외진출기업을 위한 러시아 경쟁법 제도 소개 책자 발간(오전 10시)*공정위, 2019년도분 다단계 판매업체 주요정보 공개(오전 10시)*공정위, 부당한 광고행위 제재(오전)16일(목)*조성욱 공정위원장, 건설업계 상생협약 선언식 및 모범사례 발표회(오전 10시15분, 건설협회)*지철호 공정위 부위원장, 차관회의(오전 10시30분, 세종청사)*공정위, 건설업계 상생협약 선언식 및 모범사례 발표(오전 10시30분)*공정위, 여름철 안전사고 예방을 위한 소비자 주의 촉구(오전)17일(금)*지철호 공정위 부위원장, 홍보 및 정책조정회의(오전 9시, 대회의실)





13일(월)*금융기관 대출행태서베이 결과(2020년 2/4분기 동향 및 3/4분기 전망)(오전)14일(화)*2020년 6월 수출입물가지수(오후)15일(수)*2020년 5월중 통화 및 유동성(오전)16일(목)*이주열 한국은행 총재, 금융통화위원회 본회의(오전 9시, 한은 본관)*윤면식 한국은행 부총재, 금융통화위원회 본회의(오전 9시, 한은 본관)*통화정책방향(배포시)*통화정책방향 기자간담회 자료(배포시)*최근의 국내외 경제동향(배포시)17일(금)*해외경제포커스_'중국 인프라 투자의 특징과 시사점'(20일자)안재용 기자 poong@mt.co.kr",https://news.nate.com/view/20200712n04227?mid=n0200,◆국무총리실,정부부처 주간일정 및 보도계획(13~17일)
정치,"美확진자 연일 최다…최근 입국 미군도 무더기 확진















		- ⓒ 헤럴드경제 & heraldbiz.com, 무단 전재 및 재배포 금지 -",https://news.nate.com/view/20200712n03305?mid=n0200,[베스트 클릭! 헤럴드 경제 얼리어답터 뉴스],코로나 여파로 한미연합훈련 연기?
정치,"▲ 외교부, 국립외교원, 한국핵정책학회는 지난 10일 서울 로얄호텔에서 핵비확산조약(NPT)에 대한 국민 관심과 이해를 높이기 위해 '2020 청년 모의 NPT 회의'를 개최했다고 12일 밝혔다. 국내 대학생과 대학원생으로 구성된 총 23팀, 46명의 학생이 참석해 핵군축 진전 방안에 대한 의견을 나누고 청년의 시각에서 바라본 핵군축 진전방안을 담은 결과문서를 채택했다. (서울=연합뉴스)(끝)",https://news.nate.com/view/20200712n08695?mid=n0200,,[게시판] 2020 청년 모의 핵비확산조약 회의
정치,"아이를 낳은 직후 비닐봉지에 담아 길거리에 버린 20대 여성이 경찰에 붙잡혔다.전남 구례경찰서는 12일 이 같은 혐의(영아 유기)로 A(여·28) 씨를 불구속 입건해 조사하고 있다. A 씨는 전날 오후 9시 40분쯤 구례군 구례읍의 한 상가 2층 화장실에서 아이를 출산한 뒤 상가 앞에 주차된 차량 사이에 신생아를 유기한 혐의를 받고 있다. 한 행인이 아기를 발견해 경찰에 신고했고, 경찰은 아기가 광주의 한 대학병원으로 이송돼 치료받을 수 있도록 조치했다. 행인은 “차량 사이에서 고양이 울음소리 같은 것을 듣고 다가가 보니 갓 태어난 아기였다”며 신고했다.A 씨는 경찰에 “아이가 태어나 당황스럽고 키울 자신도 없었다”고 말한 것으로 알려졌다. 경찰은 A 씨가 영아를 유기한 경위를 조사 중이다.구례=정우천 기자
 [Copyrightⓒmunhwa.com '대한민국 오후를 여는 유일석간 문화일보' 무단 전재 및 재배포 금지()]",https://news.nate.com/view/20200712n13492?mid=n0400,[  |  |  ],고양이 울음 들려 가보니 봉지에 싸인 신생아…산모 입건
정치,(끝),https://news.nate.com/view/20200712n13540?mid=n0400,,"[속보] ""코로나19 항체 보유자 거의 없어…1∼2년 이상 장기화 불가피"""
정치,(끝),https://news.nate.com/view/20200712n13687?mid=n0400,,"[속보] ""코로나19 음성 확인서 제출 의무 방역강화 대상국은 4개국"""
정치,"‘사회적 거리 두기 2단계’의 신종 코로나바이러스 감염증(코로나19) 방역 대응 체계가 가동 중인 광주에서는 10과 11일 이틀간 14명의 신규 확진자가 발생했다. 이로써 지난달 27일 이후 확진자는 127명, 전체 누적 확진자는 161명으로 늘었다.12일 광주시에 따르면 10일 확진자 (148∼156번)와 11일 확진자 (157∼161번) 등 14명의 감염 경로는 북구 배드민턴 동호회 관련 6명, 광주고시학원 2명, 한울요양원 2명, 광륵사 1명, 제주여행 1명, 금양오피스텔 1명, 경로를 확인 중인 1명 등이다.북구 배드민턴 동호회 확진자들의 경우 금양오피스텔 관련 76번(70대 남성)과 137번(50대 남성)을 고리로 감염된 것으로 추정된다. 금양오피스텔 관련 160번(60대 남성)은 격리 해제 전 검사에서 양성 판정을 받았다.감염 경로를 조사 중인 161번(60대 여성)을 제외하면, ‘2차 유행’ 이후 광주 확진자들의 감염 경로가 모두 확인됐다. 이 같은 사실은 박향 광주시 복지건강국장이 12일 코로나19 브리핑에서 제시한 ‘감염경로 요약도’에서 확인된다. 이 요약도에 따르면 최근 광주에서의 N차 감염은 광주 동구 금양오피스텔 1001호와 505호를 각각 임차한 43번 확진자와 83번 확진자로부터 시작됐다. 두 사람은 대전 방문판매 조직과 접촉한 것으로 사람들이다.이들로부터 37번을 거쳐 광륵사 스님과 신도들에게 전파됐다. 또 이들(43·83번)로부터 45번과 남편인 55번, 76번을 거쳐 배드민턴 동호회로 전파됐다. 금양오피스텔 관련 확진자 76번이 6월 30일 전남대 스포츠센터에서 열린 배드민턴 동호회 경기에 참석한 것을 고리로 선수·가족 7명이 감염된 것이다.금양오피스텔 발 코로나19는 48번을 거쳐 SM사우나(57번, 120번)와 광주고시학원(134번)으로도 순차적으로 퍼졌다. 48번과 46번을 거쳐 광주사랑교회와 CCC아가페실버센터로도 감염이 확산됐다. 46번은 77번과 함께 한울요양원의 감염 고리로도 작용했다. 일곡중앙교회의 경우 금양빌딩 관련자이자 이 교회 신자인 78번을 매개로 다수의 확진자가 나왔다.이용섭 광주시장은 이날 코로나19 브리핑에서 “오는 25일까지 ▲17개 대학이 운영하는 체육관 및 각종 실내체육시설(공공·민간 포함) 운영 중단 ▲탁구·배드민턴 등 생활체육 관련 동호회 활동, 친선경기, 리그경기 등 집단 체육활동과 에어로빅, 댄스스포츠 등 신체 접촉이 많은 실내집단운동 전면 금지 등 행정조치를 시행한다”고 밝혔다.광주=정우천 기자
 [Copyrightⓒmunhwa.com '대한민국 오후를 여는 유일석간 문화일보' 무단 전재 및 재배포 금지()]",https://news.nate.com/view/20200712n13775?mid=n0400,[  |  |  ],광주 이틀간 확진자 14명…집단체육활동 25일까지 금지
정치,"한국여기자협회가 박원순 서울시장의 명복을 빌지만 성추행 피해 호소인 보호가 우선이라는 입장을 밝혔습니다.여기자협회는 현 법체계는 박 시장의 성추행 의혹 사건에 공소권 없음을 결정했지만 진상을 규명해야 할 사회적 책임을 면제한 것은 아니라면서 피해 호소인이 무차별적 2차 가해에 노출된 상황에 깊은 우려를 나타낸다고 밝혔습니다.그러면서 고인을 일방적으로 미화하는 정치인과 사회 지도층 인사들의 공적 언급에 강력한 유감을 표한다고 밝혔습니다.또 이번 사안이 미투 운동의 동력을 훼손하거나, 피해자들의 용기를 위축시키는 일이 되어선 안된다고 강조했습니다.[저작권자(c) YTN & YTN PLUS 무단전재 및 재배포 금지]",https://news.nate.com/view/20200712n14203?mid=n0400,,"여기자협회 ""박 시장 죽음 안타깝지만 피해호소인 보호가 우선"""
정치,"[경향신문]공공기관 직원들이 골프장에서 골프를 치다 카트가 뒤집혀 다치는 사고가 발생했다.경찰과 소방당국에 따르면 12일 오후 1시 28분쯤 전북 완주군 한 골프장에서 카트가 뒤집혔다.이 사고로 카트에 타고 있던 공공기관 직원 ㄱ씨(44) 등 4명이 중·경상을 입었다.신고를 받고 출동한 소방당국은 카트 주변에 쓰러져 있던 이들을 병원으로 옮겼으며 생명에 지장은 없는 것으로 알려졌다.경찰과 소방당국은 이들이 카트를 타고 홀을 이동하다가 빗길에 미끄러져 10ｍ 아래로 굴러떨어진 것으로 보고 사고 원인을 조사하고 있다.박용근 기자 yk21@kyunghyang.com경향신문 주요뉴스ⓒ경향신문(), 무단전재 및 재배포 금지",https://news.nate.com/view/20200712n13745?mid=n0400,,골프치던 공공기관 직원들 카트 뒤집혀 부상
정치,"지난 10일 숨진 채 발견된 고 박원순 서울시장의 장례를 ‘서울특별시장(葬)’(서울시가 구성한 장례위원회가 주관하는 장례) 형식으로 치르는 것에 반대하는 청와대 국민청원 참여 인원이 이틀만에 50만 명을 넘어섰다.12일 청와대 홈페이지에 따르면 지난 10일 국민청원 게시판에 올라온 ‘박원순씨 장례를 5일장, 서울특별시장(葬)으로 하는 것 반대합니다’라는 제목의 청원은 이날 오후 5시 기준 53만6000여 명의 동의를 받았다. 청원인은 “박원순 시장이 사망하는 바람에 성추행 의혹은 수사도 하지 못한 채 종결됐다”며 “성추행 의혹을 받는 유력 정치인의 화려한 5일장을 국민이 지켜봐야 하는가. 조용히 가족장으로 치르는 게 맞다”고 주장했다. 앞서 서울시는 지난 10일 서울 북악산 인근에서 숨진 채 발견된 박 시장의 장례가 사상 첫 서울특별시장(葬)으로 치러진다고 밝혔다.해당 청원은 이미 게시 당일에 청와대의 공식 답변 요건인 ‘20만명 이상의 동의’를 충족한 바 있다. 이에 따라 청와대는 해당 청원이 마감되는 다음달 9일부터 한 달 이내에 공식 답변을 내놓을 전망이다.이런 가운데 유튜브 채널 ‘가로세로연구소’(가세연)는 전날 서울행정법원에 서정협 서울시 행정1부시장을 상대로 ‘서울특별시장(葬) 집행금지 가처분’을 신청했다고 밝혔다. 가세연 측은 현직 서울시장의 사망으로 인한 장례는 관련 법 규정이 없는데도 서울시가 법적 근거 없이 서울특별시장으로 장례를 진행해 절차에 문제가 있을 뿐 아니라 예산을 낭비하고 있다고 주장했다.조재연 기자
 [Copyrightⓒmunhwa.com '대한민국 오후를 여는 유일석간 문화일보' 무단 전재 및 재배포 금지()]",https://news.nate.com/view/20200712n13774?mid=n0400,"보수 인사, 법원에 “집행금지 가처분” 신청도","이틀만에 동의자 수 50만 넘긴 ""박원순 서울특별시葬 반대"" 청원"
정치,"교사 확진 판정에 따라 자가격리 지침이 내려진 국방부 어린이집의 학부모가 원생인 자녀를 데리고 수차례 무단 외출한 사실이 확인돼 방역당국이 고발할 방침이다.경기 고양시는 지난 10일 확진 판정을 받은 일산동구 백석동에 거주하는 A 군이 자가격리 지침을 어긴 사실이 확인돼 A 군의 어머니 B 씨를 감염병의 예방 및 관리에 관한 법률 위반 혐의로 고발할 예정이라고 12일 밝혔다.B 씨는 자가격리 대상인 A 군을 데리고 자신의 차를 이용해 지난 7일 매일 고양시 일산동구 중산동의 외할머니댁을 방문한 것으로 확인됐다.지난 8일 오전에는 일산동구 중산체육공원과 중산동의 편의점에 들렀으며, 지난 9일 오후 코로나19 검사를 위해 용산구보건소에 들렀다가 일산동구 백석동의 치킨집, 편의점, 약국 등을 방문한 사실이 확인됐다.앞서 A 군은 지난달 27일 국방부 어린이집 교사의 접촉자라는 사실을 서울 용산구로부터 연락받고 코로나19 검사를 받았지만, 음성 판정을 받았다.이후 A 군은 자가격리 해제를 앞둔 지난 9일 재검사를 실시해 양성 판정을 받았으며, 현재 경기도의료원 파주병원에서 입원, 치료 중이다. A 군의 가족 6명은 모두 음성 판정을 받았으나 접촉자 2명에 대해서는 검사가 진행 중이다.국방부는 지난달 27일 어린이집 교사가 첫 확진 판정을 받자마자 어린이집을 폐쇄했다.고양=오명근 기자
 [Copyrightⓒmunhwa.com '대한민국 오후를 여는 유일석간 문화일보' 무단 전재 및 재배포 금지()]",https://news.nate.com/view/20200712n14479?mid=n0400,[  |  |  ],"고양시, 확진 어린이집 원생 어머니…자가격리 위반 고발방침"
정치,"코로나19 감염세가 산발적으로 이어지는 가운데, 경기 고양시에서도 20대 여성 확진자가 나왔습니다.경기 고양시는 덕양구 행신동에 거주하는 20대 여성 A씨가 코로나19 확진 판정을 받았다고 밝혔습니다.A 씨는 어제(11일) 서울 강남구 논현동 소재 회사에서 동료가 확진 판정을 받은 뒤 자가격리 됐고, 이후 이뤄진 검사에서 양성 판정을 받았습니다.고양시는 A 씨를 경기도의료원 파주병원으로 이송해 역학 조사를 벌이고 있습니다.김대겸 [kimdk1028@ytn.co.kr]※ '당신의 제보가 뉴스가 됩니다' YTN은 여러분의 소중한 제보를 기다립니다.[카카오톡] YTN을 검색해 채널 추가 [전화] 02-398-8585 [메일] social@ytn.co.kr [온라인 제보] www.ytn.co.kr[저작권자(c) YTN & YTN PLUS 무단전재 및 재배포 금지]",https://news.nate.com/view/20200712n14635?mid=n0400,,코로나19 지역 발생 지속…경기 고양서도 20대 확진
정치,(끝),https://news.nate.com/view/20200712n13896?mid=n0400,,"[속보] ""배드민턴 등 실내체육관 통한 확산 주시…추가조치 검토"""
정치,"트라이애슬론(철인3종경기) 유망주 최숙현 선수 사망 사건과 관련, 팀닥터로 불리는 안주현(45) 씨에 대해 경찰이 구속영장을 신청했다.경북지방경찰청은 12일 선수들을 폭행하고 불법 의료행위를 한 혐의(보건범죄 단속에 관한 특별조치법 위반) 등으로 안 씨에 대해 구속영장을 신청했다.경찰에 따르면 안 씨는 경주시청 트라이애슬론팀에서 일할 당시 최 선수를 비롯해 여러 선수를 때리거나 폭언을 하는 등 가혹 행위를 하고 일부 성추행한 혐의를 받고 있다. 또 안 씨는 의사 면허나 물리치료사 자격증 없이 선수들에게 의료행위를 하고 치료비 등의 명목으로 돈을 받은 혐의도 받고 있다. 안 씨는 경찰 조사에서 일부 혐의를 부인한 것으로 알려졌다.안 씨는 경산시 내 한 내과의원에서 물리치료사 보조역할을 하다 2013년부터 경주시청 트라이애슬론팀에서 선수들을 치료한 것으로 전해졌다. 앞서 안 씨는 지난 3월 최 선수가 가혹 행위를 당했다며 경주시청 트라이애슬론팀 김규봉 감독과 선배 선수 2명을 고소했을 때 최 선수의 뺨을 때린 사실을 인정해 5월 말 기소 의견으로 검찰에 송치됐다.경주=박천학 기자
 [Copyrightⓒmunhwa.com '대한민국 오후를 여는 유일석간 문화일보' 무단 전재 및 재배포 금지()]",https://news.nate.com/view/20200712n13770?mid=n0400,[  |  |  ],"경찰, 故 최숙현 폭행 혐의 팀닥터 구속영장 신청"
정치,"박원순 서울시장의 장례가 서울특별시장(裝) 형식으로 치러지는 것을 두고 법정 공방이 벌어졌다.12일 서울행정법원 행정6부(이성용 부장판사) 심리로 열린 가처분 심문기일에서는 유튜브 채널 ‘가로세로연구소(가세연)’ 측과 서울시 측이 치열한 법리 다툼을 벌였다.이 신청은 가세연을 운영하는 강용석 변호사가 시민 227명을 대리해 “박 시장의 장례를 서울특별시장(裝) 형태로 치르는 것을 막아 달라”며 낸 것이다.강 변호사에 따르면 약 30분간 진행된 이날 신문에서는 주로 가세연 측의 신청이 적법한지를 두고 논쟁이 벌어졌다.가세연 측은 지방자치법에 따른 ‘주민소송’의 일환으로 가처분을 신청했다.지방자치법은 지자체의 사무 처리 등을 문제 삼아 감사를 청구한 주민들이 해당 지자체의 장을 상대로 주민소송을 낼 수 있다고 규정한다.서울시 측은 이 규정을 근거로 “주민소송인 만큼 주민의 감사청구가 선행돼야 한다”며 “감사청구가 이뤄지지 않았으므로 소송 자체가 부적법하다”고 주장한 것으로 알려졌다.주민소송에서 가처분 신청이 가능한지도 의문이라고 서울시 측은 주장했다.이에 가세연 측은 곧바로 행정안전부에 온라인으로 감사청구를 한 뒤 접수증을 증거로 제출하겠다고 했다.강용석 변호사는 “주말이기 때문에 감사청구를 하지 못했을 뿐”이라며 “가처분 신청인 만큼 감사 청구가 꼭 필요한지 재판부도 의문을 제기했다”고 주장했다.서울시 측은 “공금의 지출에 따른 손해가 발생했다면 다른 절차를 통해 회복할 수 있다”고도 주장한 것으로 전해졌다.본안 주민소송 이전에 회복할 수 없는 손해가 발생하는 것은 아닌 만큼 가처분을 받아들일 필요가 없다는 주장이다.이와 함께 서울시는 실제 장례를 위해 들어가는 비용은 약 2억원 수준이라고 해명했다.반면 가세연 측은 주말에도 업무에 동원되는 공무원의 인건비 등을 고려하면 10억원이 넘어간다고 반박했다.서울특별시장(裝) 형식을 결정하는 과정의 절차상 문제를 두고도 양측은 입장을 달리했다.가세연 측은 서울시의 결정에 법적 근거가 없고, 참고로 삼은 정부의전편람에 따르더라도 행안부·청와대 등과 협의한 뒤 대통령의 재가를 받아야 한다고 주장했다.반면 서울시 측은 “박 시장의 장례는 (정부장이 아닌) 기관장이기 때문에 대통령 재가가 필요하지 않다”고 밝혔다.재판부는 양측의 주장을 검토한 뒤 가처분을 받아들일지 결정할 예정이다. 13일 오전 발인 예정인 만큼 그 이전에 결정이 나올 가능성이 크다.이은지 기자
 [Copyrightⓒmunhwa.com '대한민국 오후를 여는 유일석간 문화일보' 무단 전재 및 재배포 금지()]",https://news.nate.com/view/20200712n14684?mid=n0400,"서울시 “가처분 가능한지도 의문…장례비용 2억원, 회복못할 손해 아냐”가세연 “실제로는 10억원 넘게 소요…서울특별시裝 결정에 근거 없어”","박원순 장례 두고 법정공방…""근거 없다"" vs ""소송이 부적법"""
정치,"도로에 묻혀있던 배수관로가 파열되면서 도로 위로 물이 가득 차 한때 교통이 마비되는 사고가 났습니다.오늘(12일) 오후 4시쯤 인천시 송도동의 사거리에 묻혀있던 배수관로가 파열되면서 주변 도로 위로 물이 넘쳐 흘렀습니다.이 사고로 주택 단수 등의 피해는 없었지만, 일대 도로가 물에 잠겨 교통이 통제되는 등 주민들이 불편을 겪었습니다.인천 남동구 수도사업소는 임시 조치로 파열된 부분을 막았고, 상황이 정리되는 대로 정확한 원인을 파악하고 수리할 예정이라고 밝혔습니다.김대겸 [kimdk1028@ytn.co.kr]※ '당신의 제보가 뉴스가 됩니다' YTN은 여러분의 소중한 제보를 기다립니다.[카카오톡] YTN을 검색해 채널 추가 [전화] 02-398-8585 [메일] social@ytn.co.kr [온라인 제보] www.ytn.co.kr[저작권자(c) YTN & YTN PLUS 무단전재 및 재배포 금지]",https://news.nate.com/view/20200712n15162?mid=n0400,,인천 송도 배수관로 파열…한때 교통 마비
정치,"36년생 쉽게 해결될 일 아니니 기다려라. 48년생 가까운 사람과 말다툼 조심. 60년생 처음은 궁하나 나중은 통할 듯. 72년생 소지품 관리 철저히. 84년생 불확실한 상황에도 확신 가져야. 96년생 내 일 아니면 곁눈 주지 마라.37년생 눈앞의 이익이 독이 될 수도. 49년생 아낌없이 베풀어야. 61년생 어려움은 배우자와 상의. 73년생 풍우가 고르니 농부가 기뻐하는구나. 85년생 예능·기술·서비스 업종은 금전운 따를 듯. 97년생 위난에 이웃 인심 안다.38년생 본분을 망각하면 주제넘게 된다. 50년생 남쪽은 운기가 살아나는 방위. 62년생 괜한 일에 휘말릴 수 있으니 신중히 처신. 74년생 끝내지 못할 일은 시작도 말아야. 86년생 절제와 절약 필요. 98년생 때로는 고집도 필요.27년생 아랫사람 막 대하면 망신. 39년생 슬럼프 빠지기 쉬우니 우울감 주의. 51년생 사람들과 유대 관계 돈독하게. 63년생 돌아가는 상황을 예의 주시. 75년생 기분에 따른 언행이 시비 부른다. 87년생 ‘인내’가 가장 좋은 방책.28년생 너그러운 마음씨가 사람 모은다. 40년생 한번 결정했으면 번복 마라. 52년생 감언이설에 넘어가지 마라. 64년생 복잡한 심경에선 결정을 보류하라. 76년생 무슨 일 있어도 약속은 꼭 지켜라. 88년생 뜻밖의 유희를 경계.29년생 금은보화보다 건강이 귀하다. 41년생 서둘러서 좋을 것 없다. 53년생 마음먹고 뜻한 대로 풀리는 시기. 65년생 부탁할 일 있다면 지금. 77년생 귀인이 도우니 소원 성취. 89년생 호랑이띠·원숭이띠·돼지띠와 여행은 손해.30년생 주변에 지혜 구하면 어려움 무난히 해결. 42년생 대비책 세워둬야. 54년생 불만스러워도 입 밖에 내지 마라. 66년생 상처 주는 언행 절대 삼가도록. 78년생 초심을 잃었다면 다 잃은 것. 90년생 누런색과 숫자 5, 10 행운.31년생 실수가 잦은 하루. 43년생 칭찬이 좋은 성과 부른다. 55년생 다중이용시설 출입은 이롭지 않다. 67년생 오래 쌓아온 믿음이 좋은 결과로. 79년생 이익이 줄더라도 함께 사는 길을 모색. 91년생 만족은 결과가 아닌 과정에.32년생 나간 만큼은 반드시 채워질 듯. 44년생 손재가 오히려 전화위복. 56년생 걱정을 해서 걱정 없어지면 걱정이 없겠네. 68년생 소소한 일에서 성과 볼 듯. 80년생 능력을 충분히 발휘하라. 92년생 주변 동료들과 다툼이 염려.33년생 나만 건강하면 아무 문제 없다. 45년생 ㅅ, ㅈ, ㅊ 있는 성씨가 귀인. 57년생 당당하고 떳떳하게 밝히도록. 69년생 편하다고 던진 농담이 화근. 81년생 분에 넘치는 감투는 화를 초래. 93년생 헤어질 때 아쉬운 사람이 돼라.34년생 말꼬리에 붙은 파리가 천 리 간다. 46년생 경험이 곧 지혜. 58년생 마음을 넓게 가지니 몸이 편안. 70년생 옛 친구와 대포 한 잔으로 스트레스 해소. 82년생 재물·애정도 오늘만 같아라. 94년생 상대방을 아는 것이 지혜.35년생 고민은 터놓고 이야기하라. 47년생 남의 말만 듣고 나서면 큰코다칠 수도. 59년생 주관과 고집이 필요할 듯. 71년생 할 수 있으니 주저 마라. 83년생 많이 생각하고 적게 말하라. 95년생 답답해도 조급하게 생각 마라.한소평 금오산방 강주 070-4792-7227
[][]- Copyrights ⓒ 조선일보 & chosun.com, 무단 전재 및 재배포 금지 -",https://news.nate.com/view/20200712n14679?mid=n0400,,[오늘의 운세] 7월 13일 월요일 (음력 5월 23일 丁巳)
정치,건설현장에서 페인트 작업을 하던 인부 2명이 의식을 잃고 쓰러져 병원으로 옮겨졌습니다.오늘 오후 3시 10분쯤 서울 대림동의 한 신축 빌라 건설 현장에서 지하층 페인트 칠 작업을 하던 인부 50대 A 씨와 60대 B 씨가 의식을 잃고 쓰러져 인근 병원으로 옮겨졌습니다.이들은 다행히 의식을 회복해 생명에 지장은 없는 것으로 확인됐습니다.경찰과 소방은 정확한 사고 경위를 조사하고 있습니다.김대겸 [kimdk1028@ytn.co.kr]※ '당신의 제보가 뉴스가 됩니다' YTN은 여러분의 소중한 제보를 기다립니다.[카카오톡] YTN을 검색해 채널 추가 [전화] 02-398-8585 [메일] social@ytn.co.kr [온라인 제보] www.ytn.co.kr[저작권자(c) YTN & YTN PLUS 무단전재 및 재배포 금지],https://news.nate.com/view/20200712n15054?mid=n0400,,건설현장 인부 2명 의식 잃어…지하 페인트 칠 작업
정치,"경기 광명에서 확진자와 같은 병원을 이용한 2명이 코로나19 양성 판정을 받았습니다.광명시는 하안동에 거주하는 2명이 확진 판정을 받아 격리 병동이 있는 의료 기관으로 이송했다고 밝혔습니다.이들은 앞서 지난 10일, 서울 서초구 보건소에서 확진 판정을 받은 A 씨가 치료를 받기 위해 방문한 하안동 소재 광명 수내과의원 인공신장실을 비슷한 시간대에 이용한 것으로 조사됐습니다.시 보건 당국은 비슷한 시간대 같은 인공 신장실을 이용한 환자와 의료진 87명을 대상으로 긴급 진단 검사를 한 결과, 아직 결과가 나오지 않은 2명을 제외하고 모두 음성이 나왔다고 밝혔습니다.광명시는 역학 조사와 함께 확진자의 가족에 대해서도 검사를 진행하고 있다고 밝혔습니다.김대겸 [kimdk1028@ytn.co.kr]※ '당신의 제보가 뉴스가 됩니다' YTN은 여러분의 소중한 제보를 기다립니다.[카카오톡] YTN을 검색해 채널 추가 [전화] 02-398-8585 [메일] social@ytn.co.kr [온라인 제보] www.ytn.co.kr[저작권자(c) YTN & YTN PLUS 무단전재 및 재배포 금지]",https://news.nate.com/view/20200712n14967?mid=n0400,,경기 광명서 확진자와 같은 병원 이용한 2명 확진
정치,"이른바 '검·언 유착 의혹' 사건을 고발한 민주언론시민연합이 검찰 수사심의위원회 소집을 신청했습니다.민주언론시민연합은 지난 10일 오후 서울중앙지방검찰청에 검찰 수사심의위원회 소집 신청서를 냈습니다.민언련은 이번 사건 핵심 피의자인 채널A 이 모 전 기자 측이 지난 8일 수사심의위 소집을 신청했지만, 고발인으로서 적극적 의사표명을 위해 별도로 신청했다고 설명했습니다.그러면서 피의자가 수사 형평성을 문제 삼는 것에 대한 반대와 핵심 피의자들에 대한 검찰 기소가 필요하다는 점을 심의과정에서 적극적으로 촉구하겠다고 덧붙였습니다.※ '당신의 제보가 뉴스가 됩니다' YTN은 여러분의 소중한 제보를 기다립니다.[카카오톡] YTN을 검색해 채널 추가 [전화] 02-398-8585 [메일] social@ytn.co.kr [온라인 제보] www.ytn.co.kr[저작권자(c) YTN & YTN PLUS 무단전재 및 재배포 금지]",https://news.nate.com/view/20200712n15256?mid=n0400,,"민언련 ""검·언 유착 의혹 수사심의위 소집 신청"""
정치,"정부는 우리 사회가 코로나 19 집단면역을 형성하는 것은 사실상 불가능하다며, 향후 1∼2년 이상 코로나 19 유행의 장기화가 불가피할 것으로 전망했습니다.박능후 중앙재난안전대책본부 1차장은 정부서울청사에서 열린 정례 브리핑에서 ""최근 코로나19 항체 조사 결과를 보면 검사 대상자 3천55명 중 단 1명만이 항체를 가지고 있는 것으로 나타났다""며 이같이 말했습니다.박 차장은 특히 ""코로나 19 유행은 유용한 백신이 나오기까지 1∼2년 이상의 장기화가 불가피한 상황""이라면서 일상생활과 방역관리를 조화시켜 나가야만 한다고 강조했습니다.박 차장은 이어 ""특정 지역에서 환자가 대규모로 발생하는 상황에 대비해 전국을 수도권, 충청권 등 6개 권역으로 나누고 권역별 병상 공동 대응체계를 구축했다""고 밝혔습니다.또 ""환자별 중증도나 특성에 맞게 병상을 배정하도록 권역별로 거점전담병원을 지정하고 권역별로 병상을 통합·관리하게 된다""고 말했습니다.※ '당신의 제보가 뉴스가 됩니다' YTN은 여러분의 소중한 제보를 기다립니다.[카카오톡] YTN을 검색해 채널 추가 [전화] 02-398-8585 [메일] social@ytn.co.kr [온라인 제보] www.ytn.co.kr[저작권자(c) YTN & YTN PLUS 무단전재 및 재배포 금지]",https://news.nate.com/view/20200712n15257?mid=n0400,,"박능후 ""코로나19 집단면역 불가능…1∼2년 이상 장기화 불가피"""
정치,"추미애 법무부 장관이 자신은 간부 대면보고를 받지 않고 과거 국회의원 비서관 출신인 이규진 정책보좌관을 통해 보고가 이뤄지고 있다는 언론 보도를 직접 반박했습니다.추 장관은 오늘(12일) 오후 페이스북에 글을 올려 마치 자신이 보좌관을 방패로 삼고 면담도 거절한다는 식의 말이 나오는데, 그런 비민주성을 생리적으로 좋아하지 않는다고 밝혔습니다.또 다양한 회의로 토론하고 다수 의견을 모아 결론을 내리는 방식으로 일하고 있다며 멋대로 상상해 단정 짓고 비방하지 않기 바란다고 적었습니다.앞서 지난 8일 추 장관은 법무부와 대검 협상안을 1시간 40분 만에 거부했는데 그사이 장관 입장문 가안이 열린민주당 최강욱 대표 등에게 유출돼 경위를 두고 의문이 제기됐습니다.이 보좌관은 입장문 초안 유출 의혹 당사자로 지목된 인물로, 일부 여권 관계자들과 사실상 법무부 주요 정책 방향을 논의하는 게 아니냐는 의혹을 받고 있습니다.※ '당신의 제보가 뉴스가 됩니다' YTN은 여러분의 소중한 제보를 기다립니다.[카카오톡] YTN을 검색해 채널 추가 [전화] 02-398-8585 [메일] social@ytn.co.kr [온라인 제보] www.ytn.co.kr[저작권자(c) YTN & YTN PLUS 무단전재 및 재배포 금지]",https://news.nate.com/view/20200712n15258?mid=n0400,,"추미애 ""대면보고 거절 의혹, 멋대로 상상하지 마라"""
정치,"한국여기자협회가 故 박원순 서울시장의 비서 성추행 의혹 진상규명과 피해를 주장한 비서 보호를 촉구하는 성명서를 냈습니다.여기자협회는 '박원순 서울시장의 죽음은 안타깝지만 피해 호소인 보호가 우선이다'라는 성명서에서, ""고인은 인권변호사, 시민운동가, 행정가로서 많은 업적을 남겼고, 1990년대 한국 최초의 직장 성희롱 사건 무료 변론을 맡아 승소한 것을 비롯해 여성 인권 향상에 기여했다""고 밝혔습니다.협회는 이어서 ""그런 고인이 비서를 성추행한 혐의로 경찰에 고소당했다는 사실은 무거운 질문을 던진다. 의혹을 제대로 밝히는 것은 질문의 답을 찾는 첫 단계""라고 지적했습니다.아울러 ""현행 법체계는 이번 의혹 사건에 공소권 없음을 결정했지만, 진상을 규명해야 할 사회적 책임을 면제한 것은 아니다""라고 강조했습니다.한국여기자협회는 또 피해를 주장한 비서가 무차별적 2차 가해에 노출된 상황에 우려를 나타냈습니다.협회는 ""피해 호소인의 고통을 무시하며 고인을 일방적으로 미화하는 정치인 및 사회지도층 인사들의 공적 언급에 강력한 유감을 밝힌다""며, 언론에 책임 있는 자세를 요구했습니다.또 피해 호소인과 연대 의지를 밝히면서, 이번 일로 인해 '미투 운동'의 동력을 훼손되거나, 피해자들의 용기가 위축되면 안 된다고 강조했습니다.




남주현 기자 burnett@sbs.co.kr",https://news.nate.com/view/20200712n15524?mid=n0400,,"여기자협회 ""안타까운 죽음…피해 호소인 보호 중요"""
정치,고 박원순 서울시장의 빈소가 마련된 지 사흘째인 오늘(12일) 빈소에 조문객들의 발길이 이어지고 있습니다.서울대학교 장례식장에 차려진 고 박원순 시장의 빈소에는 아들 박주신 씨가 상주로 조문객을 맞이하고 있습니다.박 시장과 오랜 인연이 있는 더불어민주당 박홍근·진성준 의원 등도 공동 상주 역할을 하고 있습니다.오전에는 임종석 대통령 외교안보 특보와 홍익표 민주당 의원 등이 빈소를 찾는 등 각계 인사들의 조문도 계속되고 있습니다.어제 서울시청에 마련된 고 박원순 시장의 분향소에는 오늘 오후 5시까지 만 6천여 명이 분향했습니다.신준명 [shinjm7529@ytn.co.kr]※ '당신의 제보가 뉴스가 됩니다' YTN은 여러분의 소중한 제보를 기다립니다.[카카오톡] YTN을 검색해 채널 추가 [전화] 02-398-8585 [메일] social@ytn.co.kr [온라인 제보] www.ytn.co.kr[저작권자(c) YTN & YTN PLUS 무단전재 및 재배포 금지],https://news.nate.com/view/20200712n15535?mid=n0400,,故 박원순 시장 빈소 사흘째 조문 행렬…분향소에도 만6천여 명 조문
정치,"울산시가 코로나 19 확산을 예방하기 위해 모든 음식점 종사자에게 마스크를 상시 착용하도록 하는 '행정조치 9호'를 발령했습니다.울산시는 또 제과점과 이·미용업, 목욕탕 종사자도 마스크 상시 착용을 의무화했으며, 마스크 착용 여부를 확인하기 위해 합동 점검반을 운영하기로 했습니다.김인철 [kimic@ytn.co.kr]※ '당신의 제보가 뉴스가 됩니다' YTN은 여러분의 소중한 제보를 기다립니다.[카카오톡] YTN을 검색해 채널 추가 [전화] 02-398-8585 [메일] social@ytn.co.kr [온라인 제보] www.ytn.co.kr[저작권자(c) YTN & YTN PLUS 무단전재 및 재배포 금지]",https://news.nate.com/view/20200712n15534?mid=n0400,,"[울산] 울산, 음식점 종사자 상시 마스크 착용 의무화"
정치,"(세종=연합뉴스) 윤종석 기자 = 국토교통부 출신으로 청와대에서 주택정책을 담당한 윤성원 국토교통비서관이 세종시에 있는 주택을 처분해 1주택자가 된다. 윤 비서관은 서울시 강남구 논현동 아파트(83.7㎡)와 세종시 소담동 아파트(59.9㎡)를 보유한 2주택자다. 윤 비서관은 12일 ""현재 서울에 근무하고 있어 세종시 아파트를 매도하기로 하고 이미 이달 초 계약을 맺었다""며 ""이달 중 소유권이전을 완료할 예정""이라고 밝혔다. 윤 비서관은 ""고위 공무원에게 다주택 보유가 합당하지 않다는 국민의 눈높이와 노영민 비서실장의 지시를 감안해 세종 주택을 처분키로 했다""고 설명했다. 앞서 윤 비서관은 3월 공직자 재산공개 때 ""서울 근무가 계속돼 세종 아파트에 아직 입주하지 못했다""며 ""공무원 특별공급제도의 취지를 감안해 전입하고 실거주한 뒤 매도할 계획""이라고 관보를 통해 밝힌 바 있다. banana@yna.co.kr(끝)",https://news.nate.com/view/20200712n03438?mid=n0300,,2주택자 윤성원 청와대 주택비서관 세종 집 매각
정치,⊙ 금융위원회  ◇과장급 △금융정보분석원 기획행정실장 전요섭  △금융정책 이동훈 △자본시장 변제호 △서민금융 홍성기 △중소금융 김종훈 △구조개선정책 손성은 △국제협력팀장 정종식  △보험연구원 손주형 △자본시장〃 손영채 △금융그룹감독혁신단 감독제도팀장 권주성⊙ 국무조정실·국무총리비서실  ◇팀장급 △목요대화 팀장 박정용⊙ 행정안전부  ◇국장급 △지방세정책관 이우종 △재난대응정책관 최만림⊙ 한국장학재단 △상임이사 서병재[ⓒ한겨레신문 : 무단전재 및 재배포 금지],https://news.nate.com/view/20200712n15804?mid=n0400,■ ■ ■ ■ ■ ■ ■ ■ ■ ■ ,7월 13일 인사
정치,"삼성그룹은 코로나19 확산 방지와 내수 경기 활성화를 위해 전 직군 휴가 시기를 분산하고 국내 휴가를 권장하는 '하계휴가 운영 가이드'를 마련했다고 밝혔습니다.삼성은 사무직 직원은 자율적으로 휴가를 사용하는 '상시 휴가제'를, 제조직군 직원들은 정해진 기간에 단체로 휴가를 가는 '집중 휴가제'를 적용해왔습니다.하지만 올해는 코로나19 감염 예방을 위한 사회적 노력에 동참하기 위해 사무직뿐 아니라 제조직까지 전 직원이 여름 휴가를 7월∼9월에 분산해서 가도록 권장하기로 했습니다.삼성은 또한 국내 소비 촉진을 통해 내수 경기 활성화에 기여하고, 해외 방문에 따른 코로나19 감염 방지를 위해 여름 휴가를 가급적 국내에서 보내라고 임직원들에게 권고했습니다.이종수 [jslee@ytn.co.kr][저작권자(c) YTN & YTN PLUS 무단전재 및 재배포 금지]",https://news.nate.com/view/20200712n03673?mid=n0300,,"삼성 계열사, 코로나19 확산 방지 위해 국내 휴가 권장"
정치,"[이데일리 박정수 기자] 다음은 이번 주(7월 13~17일) 재테크 캘린더다.◇7월13일(월)△경제지표△경제일정존 윌리엄스 뉴욕 연은 총재 연설 ◇7월14일(화)△경제지표일본 5월 광공업생산중국 6월 수출입유럽 5월 산업생산영국 5월 광공업생산영국 5월 보통무역수지독일 6월 CPI독일 7월 ZEW 서베이 예상미국 6월 NFIB 소기업 낙관지수미국 6월 CPI△경제일정한국 한국판 뉴딜 종합계획 발표제임스 불라드 세인트루이스 연은 총재 연설◇7월15일(수)△경제지표한국 6월 실업률영국 6월 CPI영국 5월 주택가격지수미국 7월 뉴욕제조업지수미국 6월 설비가동률미국 6월 광공업생산△경제일정연준, 베이지북 공개 패트릭 하커 필라델피아 연은 총재 연설일본 BOJ 통화정책회의◇7월16일(목)△경제지표중국 6월 광공업생산중국 2분기 GDP중국 6월 소매판매유럽 6월 EU27 신규 차량등록유럽 5월 무역수지영국 5월 ILO 3 개월 평균 실업률미국 6월 소매 판매미국 7월 필라델피아 연준 경기 전망미국 7월 NAHB 주택시장지수 △경제일정한국 한국은행 금통위유럽 유럽중앙은행(ECB) 통화정책회의찰스 에반스 시카고 연은 총재 연설 ◇7월17일(금)△경제지표유럽 6월 CPI미국 6월 건축허가미국 6월 주택착공건수미국 7월 미시간대학교 소비자신뢰(잠정치) △경제일정유럽 EU정상회담(브뤼셀)▶ 관련기사 ◀
박정수 ppjs@",https://news.nate.com/view/20200712n03610?mid=n0300,,이번주(7월 13~17일) 재테크 캘린더
정치,"[세종=이데일리 김상윤 기자] 앞으로 LED마스크, 플라즈마 미용기기, 두피관리기 등 가정용 미용기기에 대해 사전 안전 관리가 강화된다.산업통상자원부 국가기술표준원은 ‘가정용 미용기기’와 ‘방한대 마스크’의 안전관리를 강화하는 ‘전기용품 및 생활용품 안전관리법 시행규칙 개정안’을 13일 입법예고 한다고 12일 밝혔다.LED마스크, 플라즈마 미용기기, 눈마사지기, 두피관리기 등 미용기기는 최근 많은 인기를 얻으면서 판매되고 있지만, 의료기기가 아닌터라 식약처의 의료기기 인증을 받지 않고 있다. 별도의 안전성 확인 절차를 거치지 않자 지난해 12월 국무총리 주재 소비자정책위원회에서 LED마스크 안전기준 마련을 권고하는 등 안전관리의 필요성이 제기됐다.국표원은 가정용 미용기기를 생활용품의 ‘안전확인’ 품목에 포함시켜서, 안전기준을 제정하고 국가가 지정한 시험기관에서 사전 시험·검사를 받도록 의무화할 계획이다.미세먼지·유해물질·비말 차단 등의 기능성이 없는 ‘방한 마스크’ 역시 안전관리를 강화한다.  최근 코로나19의 영향으로 KF마스크의 대용품으로 면(棉)마스크, 기능성이 없는 단순 일회용 마스크의 사용이 크게 급증하고 있지만 KC 마크를 부착하지 않고 안전성확인을 위한 제품시험 의무없이 판매할 수가 있어 소비자의 혼란을 초래하고 있다. 국표원은 방한 마스크의 제품안전관리 등급을 상향조정하고, 명칭도 방한용·패션용·스포츠용 마스크로 변경할 계획이다. 앞으로는 방한마스크 제조·수입업자는 제품에 국가통합인증마크(KC)를 부착해야 하며 제품의 출고·통관 이전에 시험·검사를 받아야 한다.이승우 국가기술표준원장은 “새롭게 개발되는 신제품을 소비자들이 안심하고 사용할 수 있고, 코로나19 상황 속에서 소비자들이 좀 더 안전하게 생활할 수 있도록 지속적으로 노력하겠다”고 강조했다.▶ 관련기사 ◀
김상윤 yoon@",https://news.nate.com/view/20200712n05247?mid=n0300,,LED마스크·방한마스크 사전 안전관리 강화한다
정치,"(서울=연합뉴스) 박상돈 기자 = 중소벤처기업부는 12일 산하 5개 공공기관이 디지털·비대면 분야에서 일할 청년 2천50명을 채용하기 위해 오는 20일까지 신청을 받는다고 밝혔다.  이는 4월 비상경제회의에서 발표된 공공부문의 비대면·디지털 일자리 창출을 위한 후속 조치다. 소상공인진흥공단이 전통시장 데이터 구축 및 홍보 분야에서 일할 1천500명 등 1천700명을 채용하는 것을 비롯해 중소벤처기업진흥공단 200명, 기술보증기금 100명, 중소기업유통센터 25명, 소상공인방송정보원 25명을 각각 채용한다. kaka@yna.co.kr(끝)",https://news.nate.com/view/20200712n06780?mid=n0300,,중기부 산하 공공기관 5곳 디지털 일자리 2천50명 채용
정치,"정부가 '7.10 대책' 세제 강화로 다주택자가 처분 대신 증여를 택하는 것을 차단하기 위해 증여받은 부동산에 붙는 취득세율을 올리는 방안을 검토하고 있습니다.홍남기 경제부총리는 앞서 지난 10일 다주택자들이 양도 대신 증여를 택할 가능성에 대한 질문을 받고 ""정부가 지금 별도로 대책을 검토 중""이라고 밝혔습니다.이와 관련해 정부가 이번 '7·10 대책'을 통해 2주택부터는 취득세율을 현행 1∼3%에서 8%로, 3주택 이상은 12%로 상향한 했는데 증여재산에 대한 취득세도 이에 준하는 수준으로 인상할 것이란 관측이 나오고 있습니다.이와 함께 증여 받은 부동산을 팔 경우 취득 가격이 아닌 증여 시점 가격을 기준으로 양도세를 내도록 한 '이월 과세' 적용 기간을 현행 5년보다 늘리는 방안도 거론되고 있습니다.이종수 [jslee@ytn.co.kr][저작권자(c) YTN & YTN PLUS 무단전재 및 재배포 금지]",https://news.nate.com/view/20200712n07305?mid=n0300,,다주택자 처분 대신 증여 차단…증여 취득세 인상검토
정치,"제일기획은 어제 서울 서초구 서초동 강남사업장 'GT타워'에서 근무하는 직원 1명이 코로나19 확진을 받아 사업장을 폐쇄했다고 밝혔습니다.제일기획은 강남사업장 직원으로부터 어젯밤 10시 쯤 코로나19 확진 판정을 통보받은 즉시 전체 임직원에게 확진자 발생 메시지를 발송했습니다.제일기획측은 ""임직원의 안전을 최우선으로 고려해 서초동 GT타워 강남사업장을 즉시 폐쇄했다""며 ""근무 공간에 대한 긴급 방역을 시행하고 질병관리본부의 매뉴얼에 따라 대응할 것""이라고 말했습니다.회사측은 방역당국과 함께 확진자의 동선과 접촉자를 파악하고 접촉자에 대해서는 자가격리와 함께 코로나 검사를 시행할 예정입니다.제일기획은 이 건물의 4개 층을 사용중이며 확진자가 근무한 GT타워의 해당 층은 방역 일로부터 5일간, 다른 층은 3일간 사업장을 폐쇄하기로 했습니다.이종수 [jslee@ytn.co.kr][저작권자(c) YTN & YTN PLUS 무단전재 및 재배포 금지]",https://news.nate.com/view/20200712n07362?mid=n0300,,제일기획 강남사업장 직원 1명 코로나 확진…사업장 폐쇄
정치,"금융감독원이 지난 1월 옵티머스자산운용을 포함한 자산운용사 5곳에 대해 부실징후를 파악해 서면검사를 했던 것으로 파악됐습니다.금융투자업계와 금융당국에 따르면 금감원은 라임자산운용 사태 이후 지난해 11월부터 올해 1월까지 자산운용사 52개사, 펀드 1천786개에 대해 실태점검을 했습니다.이 가운데 사모사채 편입 비중, 자산과 만기의 불일치, 개인투자자 비중 등에서 이상 징후가 발견돼 '집중 모니터링 대상'으로 선정된 운용사는 모두 10곳입니다.모니터링 대상으로 분류된 10곳 중 5곳에 대해서는 추가 검사가 필요하다고 판단, 서면검사까지 한 것으로 알려졌습니다.이들 5곳 중 1곳이었던 옵티머스자산운용이 실제 환매중단을 선언해 수천억 원대 손실이 예상되는 상황이라 나머지 4곳에 대한 추가 점검이 필수적이란 지적이 나오고 있습니다.이종수 [jslee@ytn.co.kr][저작권자(c) YTN & YTN PLUS 무단전재 및 재배포 금지]",https://news.nate.com/view/20200712n07525?mid=n0300,,"금감원, 부실징후 운용사 4곳 파악…""추가 점검 필수"""
정치,"올해 경제성장률이 국제통화기금, IMF 외환위기 이후 최저 수준인 -2.3%를 기록할 것이라는 전망이 나왔습니다.한국경제연구원은 보고서에서 경제 위기 수준의 극심한 부진을 겪고 있는 우리나라의 경기가 올해 안에 회복하기 어려울 것으로 전망했습니다.보고서는 올해 경제성장률 전망치를 지난 3월과 같은 -2.3%로 제시했습니다.상반기 -1.7%, 하반기는 더 낮은 -2.9%일 것으로 내다봤습니다.코로나19사태 충격을 극복하기 위해 전방위적인 노력을 기울이고 있지만 대내적으로 장기간 경제 여건이 부실해져 왔고 대외적으로는 미국과 중국 등 주요 국가의 경기 회복이 지연되면서 침체에서 벗어나기는 어렵다는 분석입니다.이종수 [jslee@ytn.co.kr][저작권자(c) YTN & YTN PLUS 무단전재 및 재배포 금지]",https://news.nate.com/view/20200712n07693?mid=n0300,,"한경연 ""올해 경제성장률 -2.3%…하반기가 더 나빠"""
정치,"(서울=연합뉴스) 정부는 지금까지의 부동산 대책을 통해 투기성 수요 억제를 위한 금융, 세제 정책을 총동원했다. 주택과 관련된 대출을 최대한 묶고 취득과 보유, 양도 등 전 과정에서 세금을 대폭 올렸다. 특히 고가 주택보유자와 다주택자, 투기성 단기보유자에 대한 부담을 가중해왔다. 7·10 대책은 이런 정책 기조의 종착점이다. 물론 공시가격 현실화와 보유세 추가 인상 등의 카드가 있겠지만 큰 틀에서 수요억제책은 정책 수단이 거의 소진됐다고 봐야 한다. 이젠 땅에 떨어진 정책 신뢰를 회복하고, 실효성 있는 공급대책을 통해 집값이 계속 오를 것이라는 심리적 공포를 걷어내야 한다, 정책에 대한 국민 믿음을 얻기 위해선 지금까지 나온 부동산 대책에 수반한 입법을 조속히 완료해 제도적 불확실성을 걷어내야 한다. 작년 하반기에 나온 부동산 세제 등의 투기 차단책이나 전·월세 대책이 발빠른 입법으로 뒷받침되지 못하고 주춤거리면서 투기 광풍을 키웠고 이는 집값 불안을 증폭시켰다. 정부와 여당은 야권을 설득해 작년 12·16 대책과 지난 6·17 대책, 7·10 대책의 뼈대인 종부세, 양도세 등 부동산 관련 법 개정을 이달 임시국회에서 반드시 마무리해야 할 것이다. 최근 서울과 수도권 집값 폭등의 이면엔 홍수를 이룬 유동성 문제와 함께 고질적인 서울의 주택 공급 부족이 똬리를 틀고 있다. 코로나19 사태로 인한 경제 추락이 심각한 만큼 통화정책을 긴축으로 돌리는 게 어렵다면 특단의 공급대책으로 시장의 불안을 덜어내는 게 급선무다. 우리나라의 전체 주택보급률은 2018년 기준 104.2%이고 서울은 95.9%로 겉보기엔 큰 문제가 없어 보인다. 하지만 적정 보급률로 여겨지는 110%에 미달한 데다 서울은 이에 크게 하회하는 것이 엄연한 현실이다. 인구 1천명당 주택 수는 전국 평균이 403채로 경제협력개발기구(OECD) 국가 중 하위권이다. 서울과 수도권은 370채 안팎에 불과한데 400∼500채대 수준인 뉴욕이나 도쿄, 파리 등 유럽 주요 도시에 크게 못 미친다. 급격히 불어나는 1∼2인 가구, 주택 노후 심화에 따른 주거의 질 악화, 임대주택이나 도시형생활주택, 다가구주택 등에서 새 아파트로 옮겨타려는 욕구 등으로 신규 아파트에 대한 수요는 갈수록 커지는 양상이다. 서울의 경우 자가주택보유율이 47%에 불과하다는 점도 집값의 잠재적 불안 요인이다. 서울의 아파트 입주 물량은 올해 4만여가구에서 내년에 절반 수준으로 줄어든다. 이런 현실에서 주택보급이나 신규 공급이 충분하다는 정부의 입장은 다른 나라 얘기로 들릴 수밖에 없다. 정부가 아무리 강력한 수요억제책을 내놔도 새집, 더 나은 환경에 대한 갈망을 억누를 수는 없고 이는 결국 집값 상승 압력으로 작용할 것이다.   7·10 대책이 공급에 대한 실수요자들의 갈증을 해소하지 못했다는 점은 아쉽다. 물론 정부가 무주택자나 3040 세대의 내 집 마련 기회를 확 늘려준 것은 잘한 일이다. 도심 고밀도 개발, 용적률 상향조정, 공공이 참여하는 재개발·재건축 추진 등 진일보한 공급대책을 제시한 것도 바람직했다. 다만 공급 확대의 경우 구체적 내용이 아직 없다. 부족한 서울지역 택지확보를 위해 여당 일각이나 전문가들이 제시한 그린벨트 해제나 재건축 규제 완화는 없던 일이 될 가능성이 커졌다. 홍남기 경제부총리는 그린벨트 해제를 구체적으로 검토하지 않고 있다고 했고, 김현미 국토부 장관은 재건축 규제 완화를 고려하지 않고 있다고 했다. 그린벨트 해제는 반대 여론이 만만찮아 쉽게 결정할 수 있는 사안이 아닐 것이다. 그러나 재건축 규제는 서울 도심의 공급난을 풀기 위해 어떤 방식으로든 완화 또는 해제가 불가피하다는 점에서 이를 부인한 것은 정부의 공급 확대 의지박약으로 시장에 비치지 않을까 우려스럽다. 정부는 경제부총리가 주재하는 '주택공급확대 범정부 TF'를 구성해 근본적인 주택공급 확대방안을 마련하기로 했는데 선입견을 털고 모든 정책 아이디어를 테이블 위에 올려 신속한 결론을 내야 한다. 코로나 사태 국면에서 나라를 뒤흔든 마스크 대란은 공적 통제와 압도적 공급확대로 진압됐다. 시장 논리는 마스크나 부동산이나 매한가지다. 정부는 부동산 대란을 잠재우기 위해 금융과 세제라는 수요 통제에만 매달렸는데 이젠 공급 확대에 정책 역량을 집중하길 바란다.(끝)",https://news.nate.com/view/20200712n07662?mid=n0300,,[연합시론] 좌고우면 말고 집값 공포 해소할 확실한 공급책 신속 제시해야
정치,환매 중단 사태를 맞은 옵티머스자산운용의 펀드 가입자들이 원금의 절반 이상은 판매사로부터 먼저 받을 전망입니다.금융투자업계 등에 따르면 옵티머스 펀드 최대 판매사인 NH투자증권은 다음 주 예정된 정기 이사회를 앞두고 옵티머스 펀드 투자 고객들에게 유동성을 공급하는 방안을 논의 하고 있습니다.앞서 NH투자증권은 옵티머스 펀드가 안전하다고 믿고 자금을 맡긴 고객이 많은 점을 고려해 투자금의 일정 비율을 조건 없이 미리 지급하기로 했습니다.금융투자업계 안팎에선 선지원 금액이 원금의 50∼70% 선이 될 가능성이 크다고 보고 있습니다.이종수 [jslee@ytn.co.kr][저작권자(c) YTN & YTN PLUS 무단전재 및 재배포 금지],https://news.nate.com/view/20200712n07524?mid=n0300,,"옵티머스 펀드 투자자, 원금 절반이상 선지급받을 듯"
정치,"올해 하계휴가비를 지급하는 기업은 줄고 휴가 사용을 장려하는 기업은 늘어난 것으로 나타났습니다.한국경영자총협회는 전국 5인 이상 793개 기업 대상 조사 결과 하계휴가를 실시하는 기업의 48.4%가 휴가비를 줄 것으로 나타났다고 밝혔습니다.지난해 54.5%에 비해 6.1%p 감소했습니다.반면에 '연차휴가 사용 촉진제'를 활용해 연차휴가 사용을 장려한다는 기업은 지난해 52.7%보다 10%p 늘어난 62.7%였습니다.평균 휴가 일수는 3.8일로 지난해 3.7일과 비슷했습니다.경총은 또 응답 기업의 76%가 최근 경기 상황이 지난해보다 악화됐다고 답했고, 지난해와 비슷하단 응답은 21.8%, 개선됐다는 응답은 2.1%였습니다.이종수 [jslee@ytn.co.kr][저작권자(c) YTN & YTN PLUS 무단전재 및 재배포 금지]",https://news.nate.com/view/20200712n11365?mid=n0300,,"경총 ""휴가비 주는 기업은 줄고 휴가 권장하는 회사는 늘고"""
정치,"▲ 김우식(전 쌍용엔지니어링 대표이사)씨 별세, 김유진, 김유석(크럭스크리에이티브 대표이사), 김유미씨 부친상= 12일 오전 6시11분, 서울아산병원 장례식장 32호실, 발인 14일 오전 7시. ☎ 02-3010-2000 (서울=연합뉴스) (끝)",https://news.nate.com/view/20200712n12003?mid=n0300,,[부고] 김우식(전 쌍용엔지니어링 대표이사)씨 별세
정치,◇ 과장급  ▲ 금융정보분석원 기획행정실장 전요섭 ▲ 금융정책과장 이동훈 ▲ 자본시장과장 변제호 ▲ 서민금융과장 홍성기 ▲ 중소금융과장 김종훈 ▲ 국제협력팀장 정종식 ▲ 구조개선정책과장 손성은  ▲ 보험연구원 손주형 ▲ 자본시장연구원 손영채 ▲ 금융그룹감독혁신단 감독제도팀장 권주성(끝),https://news.nate.com/view/20200712n12553?mid=n0300,,[인사] 금융위원회
정치,"금융위원회와 금융감독원이 내일(13일)부터 본인 신용정보관리업인 이른바 마이데이터 사업 예비 허가 사전신청을 받습니다.마이데이터 사업은 은행, 카드, 통신사 등에 흩어진 금융거래 정보 등을 수집해 금융소비자에게 한눈에 보여주고 이를 토대로 맞춤형 상품 추천, 자문 등을 제공해 수익을 내는 모델인데 금융위 허가를 받아야 사업할 수 있습니다.금융위는 다음 달 4일까지 예비허가 사전 신청을 받아 허가요건 등을 검토한 뒤 5일부터 정식으로 예비허가 신청을 받을 예정입니다.금융위는 사업계획이 타당한지, 망 분리 같은 요건을 준수하고 있는지 등 준비 상황과 금융회사·핀테크 기업 간의 균형을 고려해 준비가 잘 된 회사부터 허가 절차를 진행할 계획이라고 밝혔습니다.차유정 [chayj@ytn.co.kr][저작권자(c) YTN & YTN PLUS 무단전재 및 재배포 금지]",https://news.nate.com/view/20200712n13344?mid=n0300,,내일부터 마이데이터 예비허가 사전신청
정치,"[이데일리 장순원 기자] 정부가 6·17 부동산대책 이후 새 규제지역으로 묶인 곳의 주민 반발에 결국 무릎을 꿇었다. 잔금대출에 대한 주택담보인정비율(LTV)을 40%로 강화했다가 다시 종전처럼 LTV 70%로 되돌렸기 때문이다. 문재인 정부 이후 지켜온 대출 규제의 일관성이 처음 무너진 것이다. 금융당국은 규제 지역이 광범위하게 지정돼 실수요자들이 피해를 입을 수 있다는 이유를 댄다. 불가피한 결정이라는 것이다.  하지만 실수요자들의 피해라고 보기 애매한 경우도 많다. 6·17 규제의 직격탄을 맞았다고 반발한 인천 서구에서 2년 전 4억원(30평대 기준)에 분양했던 한 아파트는 현재 2억~3억원 안팎의 웃돈(프리미엄)이 붙었다. 입주 때까지 시세가 유지되면 7억원짜리 아파트가 된다. 분양가의 60%까지 받을 수 있는 중도금 대출을 최대한 받으면 2억4000만원쯤 된다. 투기과열지구로 지정되면서 LTV가 40%로 낮아져도 잔금대출은 시세를 기준으로 산출한다. 이런 경우라도 최대 2억8000만원까지 받을 수 있어, 중도금 대출을 충분히 대신할 수 있다는 뜻이다. 정부가 잔금대출까지 LTV를 70%로 적용하기로 하면서 대출 가능금액이 4억9000만원(시세의 70%)까지 불어난다. 잔금 대출을 통해 자기 돈 한 푼도 안들이고 아파트 구매가 가능해졌다는 의미다. 새로 규제지역에 포함된 많은 아파트가 이런 경우다. 규제 완화 대상을 무주택 실수요자로 좁혔다면 그나마 합리적인 정책 조정으로 이해할 수 있다. ‘주거 사다리’를 끊어선 안된다는 주장도 일리가 있다. 하지만 이번에는 아직 잔금대출을 치르지 않은 기존 규제지역은 물론 다주택자까지 규제 완화의 혜택을 줬다. 대상이 훨씬 광범위해진 셈이다. 청와대와 정부 고위공직자들의 다주택보유 사실이 알려지며 여론이 악화하자 민심 달래기용으로 이들도 포함한 게 아니냐는 비판이 나오는 이유다. 시장에서는 집단 반발을 하면 규제를 풀어준다는 잘못된 신호를 줬다는 우려가 많다. 벌써 일부에서는 “우리는 대출 규제를 왜 풀어주지 않느냐”는 목소리가 나오고 있다. 원칙 세우기에는 오랜 시간이 걸리지만 무너지는 것은 한순간이다. 손쉽게 원칙을 무너트리는 정부라면 어떤 규제를 내놔도 효과를 보기 힘들다.▶ 관련기사 ◀
장순원 crew@",https://news.nate.com/view/20200712n13377?mid=n0300,,[기자수첩]일관성 없는 대출규제…다주택자도 예외 허용
정치,"올해 직원들에게 하계휴가비를 지급하는 기업이 지난해보다 줄어든 것으로 집계됐다. 반면 연차휴가 사용을 권유하는 기업은 되레 늘어났다.한국경영자총협회(경총)는 전국의 직원 5인 이상 기업 793곳을 대상으로 ‘2020년 하계휴가 실태조사’를 실시한 결과, 여름휴가를 실시하는 기업의 48.4%만 휴가비를 지급할 계획인 것으로 파악됐다고 12일 밝혔다. 이는 지난해(54.5%)에 비해 6.1%포인트 감소한 수치다.300인 이상 기업 중에서는 56.7%, 300인 미만 기업 중에서는 46.6%가 휴가비를 지급하겠다고 답했다. 전년 대비 각각 3.9%포인트와 6.6%포인트 줄어든 것으로, 300인 미만 기업에서 감소폭이 더 컸다.반면 ‘연차휴가 사용촉진제도’를 시행, 연차휴가 사용을 장려한다는 기업은 62.7%로 파악됐다. 지난해(52.7%)보다 10%포인트 늘어났다. 연차휴가 사용촉진제도는 사용자가 근로자에게 연차휴가를 최대한 사용하도록 장려하고, 그럼에도 근로자가 사용하지 않을 경우 미사용 연차휴가에 대한 금전 보상 의무를 면제하는 제도다.300인 이상 기업 중에서는 64.4%, 300인 미만 기업 중에서는 62.3%가 연차휴가 사용촉진제도를 시행할 계획이라고 답했다. 전년 대비 각각 6.9%포인트와 10.7%포인트 증가한 것이다.연차휴가 사용을 장려하는 이유에 대해서는 ‘연차수당 등 비용 절감 차원’이라는 응답이 47.1%로 가장 많았다. 이어 근로자의 휴식권 보장 차원(39.2%), 최근 경영여건과 무관한 관행적인 시행(13.7%) 등의 답변이 나왔다.경총에 따르면 응답 기업의 76.0%는 최근 경기 상황이 지난해보다 악화됐다고 답했다. 지난해와 비슷하다는 응답은 21.8%였고, 개선됐다는 답변은 2.1%에 불과했다.김성훈 기자
 [Copyrightⓒmunhwa.com '대한민국 오후를 여는 유일석간 문화일보' 무단 전재 및 재배포 금지()]",https://news.nate.com/view/20200712n13489?mid=n0300,반면 휴가 권장 기업은 10%포인트 증가…“비용 절감 차원”,"경총 ""올해 여름휴가비 주는 기업 6.1%포인트 감소"""
정치,"신종 코로나바이러스 감염증(코로나19) 여파로 세계 자동차 시장의 저성장 기조가 장기화, 오는 2023년이나 돼야 코로나19 발발 이전 수준을 회복할 것이란 전망이 나왔다.12일 한국자동차기자협회와 현대차그룹에 따르면, 이보성 현대차그룹 글로벌경영연구소장은 지난 10일 자동차기자협회 주최 세미나에서 “코로나 팬데믹(세계적 대유행) 이후 자동차 판매가 급락해 상반기 세계 전체 판매량이 29.5% 감소했다”며 “글로벌 자동차 판매량은 지난해 8756만 대에서 올해 7000만 대 초반으로 감소해, 연간으로는 20%가량의 감소세가 지속될 것”이라고 내다봤다.이 소장은 “내년에는 (세계 자동차 판매량이) 7000만 대 후반 정도가 될 테고, 2022년이 돼도 8000만 대 초반 선으로, 지난해 수준까지 가기는 힘들다”며 “잘해봤자 2023년이 돼야 회복될 수 있을 것”이라고 관측했다.이 소장은 올해 자동차 시장과 관련, “상반기는 코로나19가 지배했고 하반기도 마찬가지”라며 “수요 감소 폭과 속도가 지금까지와는 다르다. 글로벌 금융위기 때도 이렇지 않았고, 지금까지 이랬던 적이 없었다”고 말했다. 이 소장에 따르면, 글로벌 금융위기 당시에는 신흥국의 자동차 대중화 등으로 선진국 수요 감소를 상쇄할 수 있었지만, 이번에는 선진국과 신흥국이 동반 침체하고 있어 완충재가 없다. 이처럼 수요·공급 동시 위기가 찾아온 데다, 자동차 산업 자체가 전환기에 진입한 상황인 점 등도 과거와 다른 측면이라고 이 소장은 분석했다.이 소장은 또 자동차 산업이 코로나 이후 ‘직접 접촉(contact)의 배제’와 ‘연결(connect) 방식의 변화’라는 사회 트렌드 변화에 영향을 받을 것으로 전망했다. 그에 따르면 자동차 업체들은 ‘현지완결형 조달 체제’를 구축해 수급을 안정화하고, 공급망 붕괴 시 빠르게 복원할 수 있는 체제를 구축하는 방향으로 전략을 수정할 것으로 예상된다.이 소장은 모빌리티 시장에 대해서는 공유 서비스 기피 추세로 전환기에 직면할 것으로 예상했다. 성장 속도는 다소 감소하고, 공유 모빌리티 대신 단독으로 이용할 수 있고 위생 관리가 쉬운 ‘점유형 모빌리티 서비스’로 수요가 이동할 것으로 봤다.김성훈 기자
 [Copyrightⓒmunhwa.com '대한민국 오후를 여는 유일석간 문화일보' 무단 전재 및 재배포 금지()]",https://news.nate.com/view/20200712n13772?mid=n0300,이보성 현대차그룹 글로벌경영연구소장 전망“하반기 시장도 코로나가 지배…지금까지 이랬던 적 없었다”,"""자동차 수요 코로나 이전 수준 회복, 2023년에나 가능할 것"""
정치,"[경향신문]금융감독원이 최근 수천억원대 펀드 환매중단 우려가 불거진 옵티머스자산운용(옵티머스)을 포함한 자산운용사 5곳의 부실징후를 올해 초 파악해 서면검사를 진행한 것으로 파악됐다.12일 금융투자업계와 금융당국에 따르면 금감원은 지난해 11월부터 올해 1월까지 52개 자산운용사, 1786개의 펀드를 대상으로 실태점검을 벌였고 이 중 이상징후가 발견된 10곳을 집중 모니터링 대상으로 선정했다. 10곳 중 5곳에 대해서는 추가검사가 필요하다고 판단해 서면검사를 진행했다. 서면검사 대상에는 옵티머스도 포함됐다.이후 코로나19가 확산되면서 즉시 현장검사로 이어지지는 않았다. 다만 금감원은 옵티머스가 공공기관 매출채권에 투자한다는 투자제안서 내용과 달리 사모사채 등을 구입한 정황을 확인했고 옵티머스를 첫번째 현장검사 대상으로 정했다. 금감원의 옵티머스 현장검사는 지난달 12일 시작됐고, 6일 뒤인 18일 옵티머스는 380억원 규모의 펀드 환매 중단을 선언했다. 현재 환매 중단 규모는 1000억원이 넘는데, 향후 환매 중단이 예상되는 펀드 규모는 5000억원대에 이를 것으로 추산된다. 옵티머스 측은 투자금 5200억원 중 2700억원가량을 대부업체 등에 투자했다고 해명해왔지만 금감원의 최근 옵티머스 현장검사 결과 실제 투자금은 이에 크게 못 미치는 것으로 나타나 투자자들의 손실이 불가피해 보인다.옵티머스와 함께 서면검사 대상에 오른 운용사 4곳이 어떤 곳인지, 또 어떤 이유로 서면검사 대상이 됐는지는 알려지지 않았다. 옵티머스는 실제 투자한 자산이 계획과 달랐다는 점에서 문제가 생겼는데, 다른 4곳이 같은 문제를 안고 있을 것으로 단정하기는 어렵다. 다만 금감원이 실태조사 후 집중 모니터링, 서면검사까지 진행했을 정도라면 옵티머스 사태가 4곳의 운용사 중 한 곳에서 진행될 우려도 배제할 수 없다. 금융당국이 이달 중 233개 운용사를 상대로 착수할 사모펀드 전수조사 대상 중 4곳이 우선순위에 오를 가능성이 높다.윤승민 기자 mean@kyunghyang.com경향신문 주요뉴스ⓒ경향신문(), 무단전재 및 재배포 금지",https://news.nate.com/view/20200712n13426?mid=n0300,,"옵티머스 외 4개 금감원, 올 초 서면검사로 부실 파악했다"
정치,"코트라는 세계 127개 무역관에 구축한 ‘해외 물류 네트워크’ 서비스를 이용할 기업을 추가로 모집한다고 12일 밝혔다.코트라는 84개국, 127개 해외무역관 소재지에서 입·출고, 보관, 포장, 배송, 교환, 반품, 수입 대행 지원 사업을 시행 중이다. 올해 초 모집 3주 만에 지난해 지원 기업 수를 넘었다.이에 따라 코트라는 3차 추경 예산을 확보해 추가 모집에 나섰다. 공급 선을 다변화하기 위해 세계 일류 상품, K-방역, 소재·부품·장비 분야 기업을 집중적으로 모집할 예정이다. 또 온라인 유통망에 입점한 수출기업이 물류 네트워크를 이용할 수 있도록 아마존과도 협력할 계획이다.코트라 관계자는 “이 서비스는 신종 코로나바이러스 감염증(코로나19)으로 늘어난 전자상거래 등 비대면 수출 방식에 유용하다”며 “현지 물류창고에 재고를 보유하고, 판매하는 ‘스톡 세일’에도 코트라 인프라를 활용할 수 있다”고 말했다.곽선미 기자
 [Copyrightⓒmunhwa.com '대한민국 오후를 여는 유일석간 문화일보' 무단 전재 및 재배포 금지()]",https://news.nate.com/view/20200712n13773?mid=n0300,3차 추경 확보해 해외 포장·배송 등 지원 나서,"코트라, 해외 물류 네트워크 활용 기업 추가 모집"
정치,"‘방한대’로 불리는 일반 마스크와 발광다이오드(LED) 마스크 등에 대한 안전관리가 강화된다.산업통상자원부 국가기술표준원은 이런 같은 내용을 담은 ‘전기용품 및 생활용품 안전관리법 시행규칙’ 개정안을 13일부터 입법 예고한다고 12일 밝혔다.미세먼지나 유해물질, 비말 차단 등의 기능성이 없는 일반 마스크는 그동안 가정용 섬유제품의 일부인 ‘방한대’라는 명칭으로, 규제 수준이 가장 낮은 ‘안전기준준수’ 품목으로 관리해왔다. 안전기준준수는 업체가 자율적으로 안전관리를 하도록 2018년 7월 신설된 제도다. 이 등급 품목은 국가통합인증마크(KC) 부착이나 안전성 검사 의무 등을 면제해준다. 그러나 최근 신종 코로나바이러스 감염증(코로나19) 영향으로 KF마스크 대용품으로 면 마스크나 기능성이 없는 단순 일회용 마스크 사용이 크게 늘면서 안전관리 강화 필요성이 커졌다.이에 따라 국표원은 시행규칙 개정을 통해 일반 마스크를 안전기준준수 품목에서 ‘공급자 적합성 확인’ 품목으로 안전관리 등급을 상향 조정했다. 명칭도 ‘방한대’에서 ‘방한용·패션용·스포츠용 마스크’로 변경할 계획이다. 이렇게 되면 앞으로 제조·수입업자는 제품에 KC를 부착해야 한다. 제품 출고·통관 이전에 시험 및 검사도 받아야 한다.국표원은 아울러 LED 마스크, 플라스마 미용기기, 눈 마사지기, 두피 관리기 등 가정용 미용기기를 생활용품의 ‘안전확인’ 품목에 포함해 안전기준을 제정할 계획이다. 지난달 LED 마스크에 대해선 광출력을 인체 위해가 없는 수준으로 낮추는 내용의 예비안전기준을 마련했다. 이번 개정안에 이 안전기준을 정식으로 반영했다.박수진 기자
 [Copyrightⓒmunhwa.com '대한민국 오후를 여는 유일석간 문화일보' 무단 전재 및 재배포 금지()]",https://news.nate.com/view/20200712n14480?mid=n0300,코로나19 영향으로 안전관리 강화 필요성 커져,일반 방한용 마스크에도 KC마크 부착 의무화
정치,"이달부터 인천∼광저우, 인천∼선전, 제주∼시안 등 한중 국제 항공노선 운항이 일부 재개됩니다.국토교통부는 중국 항공당국과 협의를 거쳐 현재 한 주에 10회 운항 중인 두 나라 항공노선을 주 20회까지 확대하기로 했다고 밝혔습니다.현재 한중 노선을 운항 중인 항공사는 모두 10곳으로 각각 1개 노선만 주 1회로 운항 중입니다.중국 정부가 코로나19 해외 역유입을 막기 위해 지난 3월 말부터 항공사 당 1개 노선에서 주 1회씩만 운항하도록 제한했기 때문입니다.국토부는 이달 안으로 중국과 추가 협의를 마무리 지을 계획인데. 협의가 완료되면 한국 국적사가 운항하는 한중 노선은 10개로 늘어납니다.이종수 [jslee@ytn.co.kr][저작권자(c) YTN & YTN PLUS 무단전재 및 재배포 금지]",https://news.nate.com/view/20200712n14318?mid=n0300,,한중 하늘길 일부 복원…주당 10회→20회 확대
정치,"[경향신문]문재인 대통령이 한국판 뉴딜의 강력한 추진력 확보를 위해 당·정이 참여하는 ‘한국판 뉴딜 전략회의’(전략회의)를 직접 주재한다고 청와대가 12일 밝혔다.청와대 강민석 대변인은 춘추관 브리핑에서 “한국판 뉴딜의 강력한 추진력 확보를 위한 한국판 뉴딜 전략회의가 새로 발족해 가동된다. 전략회의는 범정부적으로 운영된다”며 “문 대통령은 비상경제회의를 직접 주재한 것처럼 전략회의를 월 1~2회 주재하면서 한국판 뉴딜과 관련한 중요 사안을 결정하고 신속하게 추진할 것”이라고 밝혔다.이어 “전략회의를 뒷받침하기 위해 당정협의 기구인 한국판 뉴딜 당정추진본부도 신설한다”며 “홍남기 부총리 겸 기획재정부 장관과 더불어민주당 조정식 정책위의장이 공동 추진본부장을 맡는다”고 덧붙였다.당정추진본부는 홍 부총리가 주재하는 관계부처 장관회의와 조 정책위의장이 주재하는 민주당 K뉴딜위원회 두 축으로 구성된다. 관계장관 회의에는 최기영 과학기술정보통신부 장관, 성윤모 산업통상자원부 장관, 조명래 환경부 장관, 이재갑 고용노동부 장관이 고정 멤버로 참여한다. 민주당 K뉴딜위원회는 이광재 의원이 디지털뉴딜분과장, 김성환 의원이 그린뉴딜분과장, 한정애 의원이 사회안전망뉴딜분과장을 맡고 있다.당정추진본부는 김용범 기재부 1차관을 단장으로 하는 실무지원단도 가동한다. 민주당에서는 정태호 의원을 책임자로 하는 기획단이 운영된다.강 대변인은 “전략회의는 14일 한국판 뉴딜 국민보고대회를 마치고 이달 안 가동된다”고 밝혔다.이어 “전략회의 발족에 앞서 열리는 보고대회에서 문 대통령은 기조연설을 통해 한국판 뉴딜이 지향하는 가치와 의미, 방향을 밝히면서 강력한 추진 의지 천명한다”며 “홍남기 부총리, 조정식 정책위의장이 대표사업과 기대효과, 제도개선 과제를 설명한다”고 소개했다.14일 오후 2시 청와대 영빈관에서 열리는 보고대회에는 민주당 이해찬 대표, 김태년 원내대표, 정세균 국무총리와 국무위원, 청와대 노영민 대통령비서실장, 김상조 정책실장 등 당·정·청 인사들이 참석한다.정제혁 기자 jhjung@kyunghyang.com경향신문 주요뉴스ⓒ경향신문(), 무단전재 및 재배포 금지",https://news.nate.com/view/20200712n09718?mid=n0200,,한국판 뉴딜 전략회의 발족…문 대통령이 월 1~2회 직접 주재
정치,"[이데일리 최정희 기자] 고(故) 박원순 서울특별시장 영결식이 13일 오전 8시 30분부터 진행된다. 박 시장의 발인식은 이날 오전 7시 30분부터 서울대 병원에서 진행된 후 오전 8시 30분부터 서울시청 8층 다목적홀로 옮겨 영결식이 진행된다. 영결식에는 유가족, 민주당 지도부, 서울시청 간부, 시민사회 대표자 등 소수만 참석한다. 유튜브 등으론 생중계된다. 최저임금위원회는 13일 오후 정부세종청사에서 전원회의를 열고 내년 최저임금 심의를 이어갈 예정이다. 또 이날부터 신종 코로나 바이러스 감염증(코로나19) 입국자는 ‘음성 확인서’를 제출해야 입국이 허용된다.  다음은 13일 주요 경제 일정이다. 10:00 고용노동부, 고용노동 위기 대응 TF 대책회의최저임금위원회 전원회의 개최 금융위원회, 금융분야 마이데이터 예비허가 사전신청서 접수 서울남부지법, 라임자산운용 대표 등 관련 영장실질심사 08:30 고 박원순 서울특별시장 온라인 영결식 사회부총리, 강남 아동복지센터 방문, 아동·청소년 안전대책‘ 간담회 개최 코로나 위험국 입국자 ’음성 확인서‘ 의무 제출 시행▶ 관련기사 ◀
최정희 jhid0201@",https://news.nate.com/view/20200712n15255?mid=n0300,,이데일리 내일의 경제일정-故박원순 서울시장 영결식
정치,"(서울=연합뉴스) 고 박원순 서울시장에 대한 조문과 장례형식을 놓고 주말 내내 여론이 찬반으로 나뉘어 들끓었다. 인권 변호사, 시민운동가, 3선의 광역단체 행정가로서 검증된 공적 삶을 살아온 고인을 추모하는 쪽과 '미투' 관련 고소를 당해 극단적 선택으로 서둘러 생을 마감한 또 다른 얼굴의 망인을 외면하는 쪽으로 크게 갈린 양상이다. 변호사 시절 성희롱 사건에서 기념비적 판결을 끌어낸 박 시장이 성문제와 관련한 문제가 불거진 후 유명을 달리한 자가당착적 현실에 많은 사람이 일종의 배신감을 느끼는 것 같다. 그래서 그의 생전 공로와 업적에도 불구하고, 장례가 서울특별시장(葬)으로 닷새간 치러지는 데 대한 위화감과 거부감도 상당해 보인다. 12일 정오 현재 '서울특별시장 반대' 국민청원 서명은 50만명을 넘어섰다. 인과관계가 아직 입증되지 않았는데도 짧은 시간에 상당히 많은 인원이 서명에 참여한 것은 고위공직자 성도덕에 대한 시민의 잣대가 아주 엄격해졌음을 의미하는 증좌다. 안희정 전 충남지사, 오거돈 전 부산시장 등 지방 권력의 정점에 있던 공직자들의 잇따른 성 추문이 이번 유사한 논란에 무관용으로 응답하도록 당위를 부여한 측면도 있을 것이다. 결국 영결식을 온라인으로 진행하기로 한데는 코로나 19 예방 차원도 있지만, 이런 여론의 압박이 작용했을 법하다. 애사(哀事)에는 비교적 관대한 우리 문화에서 조문 여부를 놓고 여론이 크게 갈린 것은 안타깝지만 비껴가기 힘든 상황이기도 하다. 먼저, 인간관계를 유난히 중시하는 한국 사회에서 오랫동안 교분과 인연을 쌓은 지인의 황망한 죽음에 직접 가서 애도를 표하고 유족을 위로하는 일은 당연한 인간적 도리로 여겨진다. 각계 인사들과 적잖은 시민이 자발적 조문에 나선 것은 판단 보다는 관습에 의한 것으로 이해하는 쪽이 맞는다고 본다. 옳고 그름이라는 이분법으로 재단하기에는 조문 문화를 지탱해 온 세월이 유구하고 인식의 뿌리가 깊다. 다만, 고인의 남다른 족적을 추어올리는 지나친 미화는 경계해야 한다. ""죽음으로 답했다""는 평가 역시 극단적 선택을 '책임을 지는 최선의 방법'으로 치환하는 나쁜 메시지가 될 수 있다. 반면, 조문에 판단을 동원해 불가론으로 기운 쪽도 나름대로 합당한 논리가 있는 만큼 박정함만을 탓할 수 없다. 조문과 서울특별시장이 '미투' 피해자에 대한 제2차 가해에 해당한다는 지적은 피해자 중심주의 관점에서 마땅히 경청해야 한다. 5일장으로 하되 조용하게 가족장으로 치르라는 주장이 나오는 이유이기도 하다. 또 '미투 고소인'을 색출하겠다며 오히려 피해자를 궁지에 몰아넣으려는 일부 과격한 움직임이 일고 있는 현실도 조문 행렬에 동의를 표할 수는 없는 요인으로 꼽힌다. 정의당의 일부 젊은 의원들이 조문 거부를 공개적으로 표명하고 나선 것도 이런 맥락이다.  장례위원회조차 피해 호소인을 비난하거나 압박해 가해하는 일이 없도록 해달라고 호소하고 나선 점을 상기해야 한다. 이렇듯 박원순 시장의 갑작스러운 죽음은 우리 사회에 많은 숙제를 남겼다. 고위공직자의 성도덕, 극단적 선택의 무책임함, 흠결이 의심되는 망자에 대한 조문의 당부(當否), 상중 예의, 2차 가해의 위험성, 선정주의적 자살 보도, 정치 논객들의 무차별적 평론 등을 열거할 수 있겠다. 어느 것 하나 가볍게 볼 사안이 아니다. 그중에서도 어떤 민감한 상황이 벌어졌을 때 영향력이 큰 정치인이나 논객들의 균형감 없는 메시지 발신은 여론을 양극화하는 촉매가 된다는 점에서 극도의 자제심이 요구된다. 미래통합당 배현진 의원이 갓 귀국한 상주에게 차제에 병역의혹 문제를 해결하라고 SNS에 다그치는 글을 올린 것은 때와 경우를 살피지 못한 부적절한 요구였다. 3년 탈상도 아닌데 하루 이틀을 좀 더 참지 못했나 싶다. 또, 제도권 언론은 물론이거니와 유튜버들도 과도하게 선을 넘는 일은 없어야겠다. 극단적 선택의 현장과 주검이 들것으로 옮겨지는 장면을 보여주는 것은 알권리와 무관한 황색 저널리즘일 뿐이다. 삶의 최후의 순간을 어떤 방식으로 마감했는지를 캐묻는 취재도 불필요한 호기심이다. 과도한 속보 경쟁은 해거름에 '시신 발견'이라는 설익은 오보를 낳고 말았다. 상중인데 내년 보궐선거 얘기를 하는 것은 직업정치인들의 관심사일지는 몰라도 언론의 화급한 취잿거리는 아니다. 언론만 차분해도 여론이 냄비처럼 들끓지는 않는다. 장례절차가 모두 끝나고 언론이 2차 가해를 부추길 수 있는 무분별한 취재 경쟁에 나서지 않길 바란다.(끝)",https://news.nate.com/view/20200712n09985?mid=n0200,,[연합시론] 고 박원순 시장 조문·장례형식 놓고 첨예하게 갈라진 여론
정치,(서울=뉴스1) = ◆국무조정실·국무총리비서실 Δ목요대화팀장 박정용,https://news.nate.com/view/20200712n10643?mid=n0200,,[인사] 국무조정실‧국무총리비서실
정치,(서울=연합뉴스) 임형섭 설승은 기자 = 정세균 국무총리가 12일 오후 5시께 서울 송파구 서울아산병원 장례식장에 마련된 백선엽 장군의 빈소를 찾아 조문할 예정이라고 총리실이 밝혔다.  이에 앞서 노영민 대통령 비서실장과 서훈 국가안보실장이 오후 4시께 조문할 예정이다. 이번 조문에는 국가안보실 김유근 1차장과 김현종 2차장도 함께할 예정이다.  문 대통령은 전날 장례식장에 조화를 보내 애도의 뜻을 표했다.  hysup@yna.co.kr[https://youtu.be/_mWDUgFGBcw](끝),https://news.nate.com/view/20200712n11087?mid=n0200,,"정총리, 곧 백선엽 장군 빈소로…노영민·서훈도 조문(종합)"
정치,"[경향신문]청와대 노영민 대통령비서실장, 서훈 국가안보실장이 12일 오후 4시쯤 서울 송파구 서울아산병원 장례식장에 마련된 백선엽 장군의 빈소를 찾아 조문한다고 청와대가 밝혔다.조문에는 청와대 국가안보실 김유근 1차장, 김현종 2차장도 함께할 예정이다.문재인 대통령은 전날 백 장군 빈소에 조화를 보내 애도의 뜻을 표했다.정제혁 기자 jhjung@kyunghyang.com경향신문 주요뉴스ⓒ경향신문(), 무단전재 및 재배포 금지",https://news.nate.com/view/20200712n11143?mid=n0200,,"청와대 노영민 비서실장과 서훈 국가안보실장, 백선엽 장군 빈소 조문 예정"
정치,(서울=연합뉴스) 임형섭 기자 = 노영민 대통령 비서실장과 서훈 국가안보실장이 12일 오후 4시께 서울 송파구 서울아산병원 장례식장에 마련된 백선엽 장군의 빈소를 찾아 조문할 예정이라고 청와대가 밝혔다. 이번 조문에는 김유근 안보실 1차장도 함께할 예정이다.  문 대통령은 전날 장례식장에 조화를 보내 애도의 뜻을 표했다. [https://youtu.be/_mWDUgFGBcw] hysup@yna.co.kr(끝),https://news.nate.com/view/20200712n10942?mid=n0200,,노영민·서훈 곧 백선엽 장군 조문키로
정치,[서울=뉴시스] 김태규 기자 = ◇팀장급 전보▲목요대화팀장 박정용 kyustar@newsis.com,https://news.nate.com/view/20200712n12215?mid=n0200,,[인사]국무조정실·국무총리비서실
정치,"박원순 서울시장 조문을 놓고 여야가 상반된 모습을 보이고 있다. 여권은 박 시장 추모 분위기를 이어가고 있지만, 미래통합당은 과도한 추모가 피해자에 대한 2차 가해로 이어질 수 있다며 비판적인 인식이 팽배하다. 정의당 역시 ‘2차 가해 반대’ 메시지를 전면에 내세우며 여권과는 차별화하고 있고, 안철수 국민의당 대표는 “서울특별시장(葬)에 동의 못 한다”며 조문하지 않겠다고 밝혔다.12일 빈소가 차려진 서울대병원 장례식장에는 유인태 전 국회 사무총장, 강금실 전 법무부 장관, 임종석 대통령 외교안보특보, 더불어민주당 안규백·인재근·홍익표 의원, 최재성 전 의원, 송하진 전북지사, 김영록 전남지사 등 여권 인사들의 발길이 줄을 이었다.유인태 전 총장은 조문 후 “잘 살아온 사람이 마지막에 그렇게 (한 것이) 원망스럽기도 하지만 한국 사회를 개혁하는데 많은 기여를 했다”고 강조했다. 그는 “인간이 다 비슷비슷한 건데 너무 도덕적으로 살려고 하면 다 사고가 나는 것”이라며 “저 세상에서 하고 싶은 것 하면서 살았으면 좋겠다”고 기원했다. 인재근 의원은 “제가 박 시장의 형수다. 진짜 가족처럼 친하게 지냈다. 가족들을 위로하고 작별인사를 하고 간다”고 말했다.이해찬 대표가 공동 위원장을 맡은 장례위원회에는 박 시장과 오랜 인연을 가진 민주당 의원 100여명이 이름을 올렸다. 일부 당 지역위원회는 ‘故 박원순 시장님의 안식을 기원합니다. 님의 뜻 기억하겠습니다’라고 적힌 현수막을 거리에 내걸었다. 박 시장이 여성 권익 보호에 앞장선 인권변호사, 재벌 비리에 저항한 사회운동가, 서민을 보살핀 서울시장으로서 이룬 공적을 기려야 한다는 분위기가 대체적이다.김종인 통합당 비상대책위원장은 이날 고 백선엽 장군 빈소에 조문을 마친 후 기자들과 만나 ‘박 시장을 조문할 계획인가’ 묻자 “건전한 상식으로 판단해보면 될 것”이라고 말했다. 박 시장 성추행 의혹과 장례절차 등을 둘러싼 논란을 지적한 발언으로 풀이된다. 김 비대위원장은 “박 시장의 갑작스러운 죽음에 대해선 인간으로서는 매우 안타깝게 생각한다”라고 했다.김은혜 대변인은 브리핑에서 “피해자 신상털기에 이어서 색출 작전까지 지금 2차 가해가 심각하다”며 “서울특별시장(葬)은 피해자에 대한 민주당의 공식 가해로 여겨진다”고 비판했다. 전주혜 의원 등 48명은 성명을 내고 “박 시장의 죽음은 안타깝지만, 고소인에 대한 2차 가해는 진위를 조사할 수 없는 상태에서 한 사람에게 너무나 큰 짐을 지우는 일임을 깊이 인식해야 한다”고 밝혔다.안철수 국민의당 대표는 “공무상 사망이 아닌데도 서울특별시 5일장으로 치르는 것에 동의할 수 없다”고 비판했다.정의당의 장혜영·류호정 의원도 조문하지 않겠다고 밝혔다. 장 의원은 “차마 아무 일도 없었다는 듯 애도할 수 없다”고 했고, 류 의원은 박 시장 고소인을 향해 “당신이 외롭지 않으면 좋겠다”고 연대와 지지를 표명했다. 지난 10일 조문한 심사정 대표는 “피해 호소인에 대한 신상털기나 2차 가해는 절대 하지 말아야 할 일”이라며 “가장 고통스러울 수 있는 분은 피해 호소인”이라고 강조했다. 같은날 이해찬 대표는 ‘고인에 대한 의혹에 당 차원의 대응을 하느냐’는 취재진 질문에 “그런 걸 예의라고 하는가, 최소한 가릴 게 있다”고 주장했다.윤명진·서종민 기자
 [Copyrightⓒmunhwa.com '대한민국 오후를 여는 유일석간 문화일보' 무단 전재 및 재배포 금지()]",https://news.nate.com/view/20200712n14903?mid=n0200,"민주당, 추모 분위기 이어가…야권은 2차 피해 우려",박원순 시장 조문 여야 상반…민주당 공로 강조에 야권은 비판적
정치,◇ 팀장급 전보 ▲ 목요대화 팀장 박정용 (서울=연합뉴스)(끝),https://news.nate.com/view/20200712n14275?mid=n0200,,[인사] 국무조정실·국무총리비서실
